LOCALIDAD,BARRIO,Num_Hab,Num_Garaje,Num_baños,Tipo,Estrato,Uso_suelo,Nivel_ruido,Distancia_al_parque,Distancia_cc,Distancia_escula,Distancia_Uni,Distancia_transporte_convecional,Distancia_transmetro,Indicador_seguirdad,Valor_vivienda_millones,Log_Precio,Area
METROPOLITANA,LA CONCEPCION,3,1,2,Casa,Medio,Actividad Residencial,Medio,656.1,221.6,79.6,161.6,104.7,99.6,83.7,375,2.6,101.0
METROPOLITANA,LA CONCEPCION,3,2,2,Casa,Alto,Actividad Residencial,Medio,484.6,132.2,61.5,160.1,59.7,60.5,83.7,850,2.9,487.0
METROPOLITANA,LA CONCEPCION,3,1,2,Casa,Medio,Actividad Residencial,Medio,343.2,256.2,123.0,13.2,266.9,104.7,83.7,380,2.6,111.0
METROPOLITANA,LA CONCEPCION,3,2,2,Casa,Medio,Actividad Residencial,Medio,256.3,165.5,128.5,68.9,174.7,11.4,83.7,420,2.6,138.0
METROPOLITANA,LA CONCEPCION,10,2,4,Casa,Medio,SECTOR NORMATIVO 2,Medio,448.3,157.2,148.8,107.2,232.0,8.0,83.7,1760,3.2,440.0
METROPOLITANA,LA CONCEPCION,4,1,3,Casa,Medio,Actividad Residencial,Medio,914.4,199.8,139.2,283.3,72.8,68.4,83.7,550,2.7,121.0
METROPOLITANA,LA CONCEPCION,3,1,2,Apartamento,Medio,Actividad Residencial,Medio,612.3,161.6,179.1,202.8,37.5,41.5,83.7,330,2.5,104.0
METROPOLITANA,LA CONCEPCION,7,1,3,Casa,Medio,Actividad Residencial,Bajo,665.5,220.6,91.0,152.9,93.3,88.2,83.7,900,3.0,520.0
METROPOLITANA,LA CONCEPCION,6,4,3,Casa,Medio,Actividad Residencial,Medio,637.1,208.1,67.1,162.9,116.9,100.8,83.7,1050,3.0,278.0
METROPOLITANA,LA CONCEPCION,6,4,3,Casa,Medio,Actividad Residencial,Medio,539.9,197.2,107.8,219.6,161.4,56.3,83.7,850,2.9,310.0
METROPOLITANA,LA CONCEPCION,3,2,2,Casa,Medio,Actividad Residencial,Medio,446.6,270.1,71.7,79.1,255.1,37.5,83.7,415,2.6,120.0
METROPOLITANA,LA CONCEPCION,3,1,2,Casa,Medio,Actividad Residencial,Medio,340.4,250.2,116.5,11.2,263.2,100.7,83.7,380,2.6,111.0
METROPOLITANA,LA CONCEPCION,3,1,1,Casa,Medio,Actividad Residencial,Medio,666.0,159.1,160.5,258.1,43.3,47.1,83.7,890,2.9,340.0
METROPOLITANA,LA CONCEPCION,4,1,2,Casa,Medio,Actividad Residencial,Bajo,629.6,92.7,221.2,308.3,86.5,81.0,83.7,2000,3.3,400.0
METROPOLITANA,LA CONCEPCION,3,1,2,Casa,Medio,Actividad Residencial,Medio,537.3,56.9,85.9,217.2,38.9,39.6,83.7,350,2.5,90.0
METROPOLITANA,LA CONCEPCION,2,No especificado,1,Casa,Medio,Actividad Residencial,Medio,471.8,143.9,61.2,152.0,57.3,58.0,83.7,560,2.7,495.0
METROPOLITANA,LA CONCEPCION,3,2,2,Casa,Alto,Actividad Residencial,Medio,506.6,169.5,102.1,121.2,85.5,88.5,83.7,850,2.9,487.0
METROPOLITANA,LA CONCEPCION,3,1,2,Casa,Medio,Actividad Residencial,Medio,362.8,19.4,89.2,126.1,82.5,5.5,83.7,400,2.6,110.0
METROPOLITANA,LA CONCEPCION,6,4,2,Casa,Medio,Actividad Residencial,Medio,409.9,34.9,94.3,93.9,61.0,8.2,83.7,850,2.9,370.0
METROPOLITANA,LA CONCEPCION,6,4,2,Casa,Medio,SECTOR NORMATIVO 2,Medio,506.9,118.4,111.8,42.1,13.9,8.9,83.7,1050,3.0,278.0
METROPOLITANA,LA CONCEPCION,3,2,2,Casa,Alto,SECTOR NORMATIVO 2,Medio,531.5,21.1,56.6,54.0,96.4,40.8,83.7,850,2.9,487.0
METROPOLITANA,LA CONCEPCION,3,1,2,Casa,Medio,SECTOR NORMATIVO 2,Medio,532.4,52.2,54.9,84.1,132.4,44.6,83.7,890,2.9,340.0
METROPOLITANA,LA CONCEPCION,3,1,2,Casa,Medio,SECTOR NORMATIVO 2,Medio,577.1,120.7,115.1,113.1,128.7,87.0,83.7,350,2.5,90.0
METROPOLITANA,LA CONCEPCION,4,1,2,Casa,Medio,Actividad Residencial,Medio,407.7,112.1,39.6,111.7,60.8,59.4,83.7,370,2.6,96.0
METROPOLITANA,LA CONCEPCION,4,1,2,Casa,Alto,Actividad Residencial,Medio,472.3,112.5,50.1,24.5,45.9,48.1,83.7,940,3.0,480.0
METROPOLITANA,SAN JOSE,4,0,2,Casa,Medio,Actividad Residencial,Bajo,273.5,319.8,144.3,134.9,203.6,54.3,75.2,460,2.7,350.0
METROPOLITANA,SAN JOSE,3,0,2,Casa,Medio,Actividad Residencial,Bajo,246.5,276.0,132.8,102.7,180.2,16.7,75.2,480,2.7,198.0
METROPOLITANA,SAN JOSE,3,0,1,Casa,Medio,Actividad Residencial,Bajo,238.3,329.3,96.1,93.5,293.3,3.6,75.2,325,2.5,385.0
METROPOLITANA,SAN JOSE,2,0,2,Apartamento,Medio,Actividad Comercial,Bajo,318.2,213.9,225.4,184.1,60.6,21.0,75.2,170,2.2,68.3
METROPOLITANA,SAN JOSE,4,0,3,Casa,Medio,Actividad Comercial,Bajo,106.5,51.4,106.8,165.9,6.4,90.3,75.2,320,2.5,290.0
METROPOLITANA,SAN JOSE,5,0,3,Casa,Medio,Espacio Publico,Medio,9.5,95.1,105.8,57.5,76.9,64.0,75.2,330,2.5,199.0
METROPOLITANA,SAN JOSE,2,1,2,Casa,Medio,Actividad Comercial,Medio,58.2,87.5,154.1,73.2,59.0,18.6,75.2,350,2.5,100.0
METROPOLITANA,SAN JOSE,3,0,3,Casa,Medio,Area de Actividad Institucional,Medio,122.8,55.2,211.8,104.7,74.1,38.1,75.2,420,2.6,170.0
METROPOLITANA,SAN JOSE,4,2,4,Casa,Medio,Actividad Residencial,Medio,267.1,133.0,161.9,54.0,269.6,54.1,75.2,550,2.7,240.0
METROPOLITANA,SAN JOSE,3,1,2,Casa,Medio,Actividad Residencial,Medio,205.5,62.5,258.4,75.1,160.1,106.1,75.2,350,2.5,130.0
METROPOLITANA,SAN JOSE,5,1,3,Casa,Medio,Actividad Residencial,Medio,115.0,184.3,192.8,112.7,216.6,188.3,75.2,400,2.6,360.0
METROPOLITANA,SAN JOSE,5,2,3,Casa,Medio,Actividad Residencial,Medio,183.4,135.8,216.3,111.2,186.4,163.3,75.2,650,2.8,204.0
METROPOLITANA,SAN JOSE,5,0,3,Casa,Medio,Actividad Residencial,Medio,228.3,386.1,76.1,61.7,387.9,23.4,75.2,370,2.6,240.0
METROPOLITANA,SAN JOSE,4,0,3,Apartamento,Medio,Actividad Residencial,Medio,285.1,329.4,130.4,94.4,331.2,74.0,75.2,380,2.6,100.0
METROPOLITANA,SAN JOSE,3,1,2,Casa,Medio,Area de Actividad Institucional,Medio,205.5,73.4,132.7,73.3,69.1,346.1,75.2,700,2.8,220.0
METROPOLITANA,SAN JOSE,5,0,3,Casa,Medio,Area de Actividad Institucional,Medio,332.2,88.5,26.5,26.5,69.9,234.2,75.2,400,2.6,247.0
METROPOLITANA,SAN JOSE,4,4,2,Casa,Medio,Area de Actividad Institucional,Medio,336.2,105.3,41.2,41.2,86.9,216.8,75.2,900,3.0,560.0
METROPOLITANA,SAN JOSE,3,1,2,Casa,Medio,Actividad Residencial,Medio,403.2,254.4,72.1,165.8,235.5,67.7,75.2,340,2.5,106.5
METROPOLITANA,SAN JOSE,5,0,4,Casa,Medio,Actividad Residencial,Medio,436.1,248.9,123.8,189.3,230.0,71.5,75.2,500,2.7,284.0
METROPOLITANA,SAN JOSE,3,0,1,Casa,Medio,Actividad Residencial,Bajo,355.9,365.5,173.3,162.5,417.9,79.2,75.2,320,2.5,147.0
METROPOLITANA,SAN JOSE,5,0,5,Apartamento,Bajo,Actividad Residencial,Bajo,363.9,316.3,124.6,117.0,439.1,94.8,75.2,772,2.9,162.8
METROPOLITANA,SAN JOSE,3,1,3,Casa,Medio,Actividad Residencial,Medio,358.8,263.3,153.6,103.5,252.8,37.8,75.2,460,2.7,270.0
METROPOLITANA,SAN JOSE,3,2,2,Casa,Medio,Actividad Residencial,Medio,382.7,290.9,156.7,132.4,285.7,6.3,75.2,550,2.7,236.0
METROPOLITANA,SAN JOSE,3,1,2,Casa,Medio,Actividad Residencial,Bajo,366.4,275.7,136.7,145.2,297.1,4.6,75.2,300,2.5,100.0
METROPOLITANA,SAN JOSE,4,1,3,Casa,Medio,Actividad Residencial,Medio,262.9,171.1,13.1,166.4,350.0,61.1,75.2,400,2.6,164.0
METROPOLITANA,SAN JOSE,3,2,2,Casa,Medio,Actividad Residencial,Bajo,247.5,164.3,65.6,140.9,412.3,71.1,75.2,420,2.6,180.0
METROPOLITANA,SAN JOSE,2,1,2,Apartamento,Medio,Actividad Residencial,Medio,184.1,128.9,146.8,87.5,429.9,29.1,75.2,175,2.2,62.6
METROPOLITANA,SAN JOSE,4,0,1,Casa,Medio,Actividad Residencial,Medio,366.4,161.8,237.3,52.0,135.4,154.4,75.2,370,2.6,224.0
METROPOLITANA,SAN JOSE,3,0,2,Casa,Medio,Area de Actividad Institucional,Medio,88.2,171.7,75.2,119.6,331.6,135.0,75.2,220,2.3,134.0
METROPOLITANA,SAN JOSE,4,0,2,Casa,Medio,Actividad Residencial,Medio,207.2,86.1,252.8,204.3,91.8,58.3,75.2,738,2.9,469.0
SUROCCIDENTE,CIUDADELA 20 DE JULIO,4,0,1,Casa,Bajo,Actividad Central,Medio,214.7,379.2,29.5,145.9,25.5,183.9,46.1,300,2.5,72.3
SUROCCIDENTE,CIUDADELA 20 DE JULIO,3,0,2,Casa,Bajo,Actividad Residencial,Medio,107.2,434.3,150.8,105.5,22.3,20.7,46.1,180,2.3,96.0
SUROCCIDENTE,VILLA SAN CARLOS,3,0,2,Casa,Medio,Area de Actividad Institucional,Medio,63.1,670.1,661.4,34.1,2153.4,62.8,82.4,250,2.4,77.0
SUROCCIDENTE,CIUDADELA 20 DE JULIO,7,0,6,Casa,Bajo,Actividad Residencial,Medio,100.5,320.0,60.7,172.3,1.7,0.9,46.1,440,2.6,232.0
SUROCCIDENTE,CIUDADELA 20 DE JULIO,1,0,1,Casa,Bajo,Actividad Residencial,Medio,95.3,413.0,278.3,175.7,3.9,22.3,46.1,210,2.3,101.0
SUROCCIDENTE,CIUDADELA 20 DE JULIO,4,1,3,Casa,Bajo,Area de Reserva y Proteccion,Medio,127.8,498.8,348.5,75.2,93.2,0.1,46.1,245,2.4,116.0
SUROCCIDENTE,CIUDADELA 20 DE JULIO,5,0,2,Casa,Bajo,Actividad Residencial,Medio,112.1,249.2,121.7,111.9,112.2,234.5,46.1,260,2.4,72.0
SUROCCIDENTE,CIUDADELA 20 DE JULIO,6,0,3,Casa,Bajo,Actividad Residencial,Medio,85.2,440.0,121.7,100.4,72.8,37.3,46.1,250,2.4,158.0
SUROCCIDENTE,CIUDADELA 20 DE JULIO,5,4,3,Casa,Bajo,Actividad Central,Medio,88.9,410.8,238.6,82.6,10.6,367.3,46.1,550,2.7,211.0
SUROCCIDENTE,CIUDADELA 20 DE JULIO,2,0,2,Casa,Bajo,Actividad Residencial,Medio,91.7,237.5,82.6,181.4,86.1,175.2,46.1,285,2.5,72.0
SUROCCIDENTE,CIUDADELA 20 DE JULIO,3,1,1,Casa,Bajo,Actividad Residencial,Medio,37.9,164.9,99.4,98.5,124.8,59.7,46.1,250,2.4,137.0
SUROCCIDENTE,CIUDADELA 20 DE JULIO,4,0,4,Casa,Medio,Actividad Residencial,Medio,125.1,43.6,99.4,37.0,5.3,6.9,46.1,240,2.4,72.0
SUROCCIDENTE,CIUDADELA 20 DE JULIO,5,0,2,Casa,Bajo,Actividad Residencial,Medio,78.1,632.6,287.8,127.3,33.6,33.6,46.1,280,2.4,120.0
SUROCCIDENTE,CIUDADELA 20 DE JULIO,2,0,1,Casa,Bajo,Actividad Residencial,Medio,85.2,638.9,272.4,55.5,104.2,19.1,46.1,279,2.4,140.0
SUROCCIDENTE,CIUDADELA 20 DE JULIO,7,0,3,Casa,Bajo,Actividad Residencial,Medio,293.0,201.7,211.4,95.4,239.5,248.0,46.1,300,2.5,140.0
SUROCCIDENTE,LA SIERRA,3,0,4,Casa,Medio,Actividad Residencial,Medio,367.7,219.6,61.2,279.9,68.3,1.2,83.0,550,2.7,156.0
SUROCCIDENTE,LA CEIBA,4,0,2,Casa,Bajo,Actividad Residencial,Medio,549.2,88.0,246.3,225.3,366.3,103.5,73.1,280,2.4,197.0
SUROCCIDENTE,LA CEIBA,3,0,1,Casa,Medio,Espacio Publico,Medio,306.5,267.5,246.3,494.7,383.6,306.8,73.1,450,2.7,112.0
SUROCCIDENTE,EL BOSQUE,10,2,4,Casa,Bajo,Actividad Residencial,Medio,220.8,302.5,53.5,122.4,1139.4,291.0,9.6,230,2.4,265.0
SUROCCIDENTE,LA PRADERA,3,0,2,Casa,Bajo,Actividad Residencial,Medio,251.5,330.2,255.1,180.3,2336.2,44.1,61.7,290,2.5,490.0
SUROCCIDENTE,LA PRADERA,3,1,2,Casa,Medio,Actividad Residencial,Medio,340.2,388.6,390.4,293.6,1847.5,24.6,61.7,550,2.7,126.0
SUROCCIDENTE,LA PRADERA,9,1,6,Casa,Bajo,Actividad Residencial,Medio,279.3,331.2,390.4,249.1,1915.4,20.1,61.7,630,2.8,454.0
SUROCCIDENTE,LOS OLIVOS,8,0,6,Casa,Bajo,Actividad Residencial,Medio,173.4,732.5,390.4,299.7,2200.2,48.9,61.5,450,2.7,204.0
SUROCCIDENTE,LOMA FRESCA,4,1,3,Casa,Medio,Actividad Residencial,Medio,307.4,401.2,528.6,124.6,58.0,53.9,97.3,420,2.6,320.0
SUROCCIDENTE,LOMA FRESCA,3,1,2,Casa,Medio,Actividad Residencial,Medio,141.1,374.7,114.4,129.0,265.1,105.1,97.3,350,2.5,99.0
NTE-CTO HIST,BOSTON,3,1,2,Casa,Medio,Actividad Residencial,Medio,424.7,88.9,96.6,170.4,294.1,47.9,75.6,550,2.7,256.0
NTE-CTO HIST,BOSTON,3,1,2,Casa,Medio,Actividad Residencial,Medio,324.2,25.0,77.8,170.5,305.1,21.5,75.6,470,2.7,256.0
NTE-CTO HIST,BOSTON,2,1,2,Apartamento,Medio,Actividad Residencial,Medio,294.6,132.1,154.9,107.6,252.5,6.3,75.6,180,2.3,76.0
NTE-CTO HIST,BOSTON,5,0,2,Casa,Medio,Actividad Residencial,Medio,333.6,99.5,132.4,130.2,193.6,10.5,75.6,320,2.5,117.0
NTE-CTO HIST,BOSTON,4,1,2,Casa,Medio,Actividad Residencial,Medio,397.9,64.5,68.0,69.5,153.8,6.7,75.6,600,2.8,256.0
NTE-CTO HIST,BOSTON,3,1,3,Casa,Medio,Actividad Residencial,Medio,372.5,112.8,110.3,101.1,197.4,15.4,75.6,376,2.6,110.0
NTE-CTO HIST,BOSTON,3,0,2,Casa,Medio,Actividad Residencial,Medio,429.9,107.5,137.6,111.7,191.4,53.3,75.6,365,2.6,126.0
NTE-CTO HIST,BOSTON,3,0,2,Apartamento,Medio,Actividad Residencial,Bajo,453.6,124.2,87.6,59.4,141.8,75.8,75.6,220,2.3,99.0
NTE-CTO HIST,BOSTON,5,2,5,Casa,Medio,Actividad Residencial,Bajo,443.8,213.5,116.8,140.9,110.6,30.7,75.6,750,2.9,400.0
SUROCCIDENTE,EL SILENCIO,3,1,3,Casa,Medio,Actividad Comercial,Bajo,193.4,434.1,174.1,282.2,140.6,4.9,68.9,380,2.6,110.0
SUROCCIDENTE,EL SILENCIO,2,0,1,Apartamento,Medio,Actividad Residencial,Medio,120.3,429.8,98.9,212.8,81.5,17.1,68.9,160,2.2,70.0
SUROCCIDENTE,EL SILENCIO,4,1,3,Casa,Medio,Actividad Residencial,Bajo,42.6,359.5,23.3,200.6,8.4,8.1,68.9,395,2.6,140.0
SUROCCIDENTE,EL SILENCIO,3,0,2,Apartamento,Medio,Actividad Residencial,Bajo,90.9,468.8,114.4,107.7,22.6,14.7,68.9,260,2.4,144.0
SUROCCIDENTE,EL SILENCIO,5,1,3,Casa,Medio,Actividad Comercial,Medio,146.5,641.6,113.3,189.2,16.9,16.8,68.9,300,2.5,180.0
SUROCCIDENTE,EL SILENCIO,3,0,2,Casa,Medio,Actividad Residencial,Bajo,115.6,483.2,238.7,39.5,204.9,9.6,68.9,350,2.5,160.0
SUROCCIDENTE,EL SILENCIO,3,0,3,Apartamento,Medio,Actividad Residencial,Bajo,89.4,300.7,110.7,90.9,115.6,18.1,68.9,290,2.5,98.1
SUROCCIDENTE,EL SILENCIO,3,1,2,Casa,Medio,Actividad Residencial,Bajo,35.1,80.2,103.2,113.4,285.6,6.5,68.9,350,2.5,243.0
SUROCCIDENTE,EL SILENCIO,3,1,2,Casa,Medio,Actividad Residencial,Bajo,55.7,95.8,80.3,125.2,310.0,15.8,68.9,420,2.6,148.0
SUROCCIDENTE,EL SILENCIO,5,1,4,Casa,Medio,Actividad Residencial,Bajo,124.4,190.4,168.0,48.9,109.4,29.1,68.9,310,2.5,170.0
SUROCCIDENTE,EL SILENCIO,3,0,1,Apartamento,Medio,Actividad Residencial,Bajo,125.7,207.4,153.6,66.2,91.2,24.8,68.9,180,2.3,64.0
SUROCCIDENTE,EL SILENCIO,4,1,4,Casa,Medio,Actividad Residencial,Bajo,83.0,181.0,180.1,79.7,94.7,68.1,68.9,550,2.7,243.0
SUROCCIDENTE,EL SILENCIO,3,0,1,Apartamento,Medio,Actividad Residencial,Bajo,30.6,191.0,121.9,137.0,67.6,68.0,68.9,160,2.2,65.0
SUROCCIDENTE,EL SILENCIO,3,1,2,Casa,Medio,Actividad Residencial,Bajo,55.6,225.2,63.5,204.1,33.9,33.9,68.9,550,2.7,110.0
SUROCCIDENTE,EL SILENCIO,3,0,1,Casa,Medio,Actividad Residencial,Bajo,43.6,218.4,45.1,172.6,80.4,40.0,68.9,270,2.4,55.0
SUROCCIDENTE,EL SILENCIO,3,0,2,Casa,Medio,Actividad Residencial,Bajo,6.7,114.0,20.3,90.9,347.9,124.4,68.9,315,2.5,95.0
SUROCCIDENTE,EL SILENCIO,3,0,2,Casa,Medio,Actividad Residencial,Medio,105.3,498.9,249.7,24.5,214.1,7.4,68.9,350,2.5,160.0
SUROCCIDENTE,EL SILENCIO,4,0,2,Casa,Medio,Actividad Residencial,Medio,62.6,537.9,263.5,23.7,190.0,15.4,68.9,330,2.5,128.0
SUROCCIDENTE,EL SILENCIO,4,0,2,Casa,Medio,Actividad Residencial,Medio,51.8,609.9,213.8,100.9,139.3,42.3,68.9,320,2.5,100.0
SUROCCIDENTE,EL SILENCIO,3,0,2,Casa,Medio,Actividad Residencial,Medio,161.7,635.8,209.4,158.3,29.5,30.4,68.9,400,2.6,126.0
SURORIENTE,LA ALBORAYA,No especificado,No especificado,No especificado,Casa,Bajo,Actividad Comercial,Medio,271.5,48.1,151.7,48.1,7.3,7.2,76.3,580,2.8,160.0
SURORIENTE,LA ALBORAYA,6,2,6,Casa,Bajo,Actividad Comercial,Medio,271.3,48.7,152.3,48.7,7.7,7.6,76.3,355,2.6,282.0
SURORIENTE,LA ALBORAYA,3,1,2,Casa,Medio,Actividad Residencial,Medio,348.9,313.2,258.7,38.8,289.9,278.3,76.3,350,2.5,170.0
SURORIENTE,LA VICTORIA,3,1,3,Casa,Medio,Institucional Equipamiento,Medio,411.9,168.4,154.3,277.4,15.3,15.1,79.7,500,2.7,143.0
SURORIENTE,LA VICTORIA,6,0,4,Casa,Medio,Actividad Comercial,Medio,360.4,201.0,203.1,245.5,101.0,102.7,79.7,450,2.7,300.0
SURORIENTE,LA ALBORAYA,3,0,1,Casa,Bajo,Actividad Residencial,Medio,199.2,227.1,283.3,101.4,138.3,137.5,76.3,200,2.3,85.0
SURORIENTE,LA ALBORAYA,3,0,2,Casa,Medio,Actividad Residencial,Medio,137.0,270.2,320.2,137.8,219.1,147.2,76.3,300,2.5,220.0
SURORIENTE,LA ALBORAYA,3,0,2,Casa,Medio,Actividad Residencial,Medio,61.2,312.6,341.8,169.6,335.5,4.9,76.3,320,2.5,225.0
SURORIENTE,LA ALBORAYA,3,1,2,Casa,Medio,Actividad Residencial,Medio,116.2,345.1,158.5,224.8,74.5,201.2,76.3,550,2.7,350.0
SURORIENTE,LA ALBORAYA,3,0,3,Apartamento,Medio,Area de Actividad Institucional,Medio,259.0,359.0,382.0,215.3,286.0,44.0,76.3,130,2.1,72.0
SURORIENTE,LA ALBORAYA,3,0,3,Casa,Bajo,Actividad Residencial,Medio,352.0,359.0,295.0,199.0,252.0,76.0,76.3,380,2.6,125.0
SURORIENTE,LA ALBORAYA,2,1,2,Casa,Bajo,Actividad Residencial,Medio,348.0,363.0,294.0,64.1,245.0,62.0,76.3,170,2.2,86.0
SURORIENTE,LA ALBORAYA,5,1,5,Casa,Bajo,Area de Actividad Institucional,Alto,433.0,62.0,142.0,101.3,12.0,200.0,76.3,320,2.5,180.0
SURORIENTE,REBOLO,3,0,1,Casa,Medio,Actividad Residencial,Bajo,444.0,344.0,87.0,125.5,1595.0,52.0,33.6,170,2.2,140.0
SURORIENTE,REBOLO,2,0,1,Apartamento,Bajo,Actividad Residencial,Bajo,59.0,79.0,184.0,95.4,1753.0,71.0,33.6,138,2.1,55.0
SURORIENTE,LAS NIEVES,5,1,2,Casa,Bajo,Actividad Residencial,Bajo,264.0,365.0,302.0,266.8,1032.0,116.0,65.3,310,2.5,236.0
SURORIENTE,LAS NIEVES,4,0,1,Casa,Medio,Actividad Residencial,Bajo,207.0,430.0,314.0,164.7,991.0,107.0,65.3,290,2.5,290.0
SURORIENTE,LAS NIEVES,3,1,2,Apartamento,Medio,Actividad Residencial,Medio,194.0,373.0,301.0,127.7,847.0,7.0,65.3,220,2.3,86.0
SURORIENTE,LAS NIEVES,2,1,2,Apartamento,Bajo,Actividad Comercial,Medio,466.0,370.0,55.0,288.1,1106.0,50.0,65.3,136,2.1,58.0
SURORIENTE,LAS NIEVES,5,0,2,Casa,Bajo,Actividad Residencial,Alto,176.0,115.0,63.0,349.6,664.0,23.0,65.3,200,2.3,150.0
SURORIENTE,LAS NIEVES,4,1,2,Casa,Bajo,Actividad Residencial,Alto,308.0,380.0,87.0,252.5,1199.0,94.0,65.3,275,2.4,202.0
SURORIENTE,LAS NIEVES,2,1,2,Apartamento,Bajo,Actividad Residencial,Medio,132.0,332.0,20.0,114.4,667.0,11.0,65.3,150,2.2,54.0
SURORIENTE,LAS NIEVES,4,1,3,Casa,Medio,Actividad Residencial,Medio,844.0,457.0,151.0,288.4,848.0,149.0,65.3,440,2.6,221.0
SURORIENTE,LAS NIEVES,3,0,1,Casa,Bajo,Actividad Residencial,Medio,410.0,312.0,267.0,232.1,931.0,124.0,65.3,280,2.4,100.0
RIOMAR,EL GOLF,3,2,4,Apartamento,Alto,Actividad Residencial,Medio,169.0,192.0,171.0,204.6,208.0,74.0,95.2,690,2.8,220.0
RIOMAR,EL GOLF,3,2,4,Apartamento,Alto,Actividad Residencial,Medio,174.0,147.0,72.0,167.1,118.0,119.0,95.2,640,2.8,210.0
RIOMAR,EL GOLF,4,1,5,Apartamento,Alto,Actividad Residencial,Bajo,212.0,128.0,286.0,182.6,131.0,138.0,95.2,1900,3.3,367.0
RIOMAR,EL GOLF,3,2,3,Apartamento,Medio,Actividad Residencial,Medio,66.0,288.0,185.0,169.4,259.0,267.0,95.2,510,2.7,129.0
RIOMAR,EL GOLF,5,3,5,Casa,Alto,Actividad Residencial,Medio,149.0,321.0,87.0,208.2,189.0,187.0,95.2,3500,3.5,800.0
RIOMAR,EL GOLF,3,1,3,Apartamento,Alto,Actividad Residencial,Medio,162.0,202.0,178.0,169.3,215.0,79.0,95.2,500,2.7,194.0
RIOMAR,EL GOLF,3,2,4,Apartamento,Alto,Actividad Residencial,Bajo,121.0,92.0,281.0,135.0,225.0,79.0,95.2,2100,3.3,217.0
RIOMAR,EL GOLF,3,1,4,Apartamento,Alto,Actividad Residencial,Medio,133.0,289.0,129.0,125.5,279.0,213.0,95.2,630,2.8,198.0
RIOMAR,EL GOLF,3,2,4,Casa,Alto,Actividad Residencial,Medio,164.0,166.0,108.0,57.9,161.0,80.0,95.2,2500,3.4,460.0
RIOMAR,EL GOLF,3,3,4,Apartamento,Alto,Actividad Residencial,Medio,84.0,178.0,104.0,46.4,194.0,196.0,95.2,2500,3.4,289.0
RIOMAR,EL GOLF,4,3,7,Casa,Alto,Actividad Residencial,Bajo,109.0,140.0,247.0,160.0,248.0,105.0,95.2,3200,3.5,700.0
RIOMAR,EL GOLF,3,2,3,Casa,Alto,Actividad Residencial,Bajo,28.0,45.0,189.0,74.0,172.0,22.0,95.2,1350,3.1,400.0
RIOMAR,EL GOLF,3,3,4,Apartamento,Alto,Actividad Residencial,Medio,143.0,202.0,96.0,287.0,206.0,114.0,95.2,2000,3.3,360.0
RIOMAR,VILLA CAROLINA,3,1,2,Apartamento,Medio,Actividad Residencial,Bajo,22.0,183.0,124.0,405.5,406.0,35.0,98.8,290,2.5,74.0
RIOMAR,VILLA CAROLINA,3,1,3,Apartamento,Medio,Actividad Residencial,Bajo,122.0,130.0,396.3,637.1,413.0,11.9,98.8,360,2.6,87.0
RIOMAR,VILLA CAROLINA,4,0,3,Casa,Medio,Actividad Residencial,Bajo,108.0,651.0,210.9,396.0,436.0,39.3,98.8,575,2.8,180.0
RIOMAR,VILLA CAROLINA,3,1,1,Apartamento,Medio,Actividad Residencial,Bajo,27.0,113.0,371.8,520.6,567.0,11.6,98.8,330,2.5,75.0
RIOMAR,VILLA CAROLINA,3,1,2,Apartamento,Alto,Actividad Residencial,Bajo,119.0,200.0,412.6,641.3,601.0,10.7,98.8,380,2.6,74.0
RIOMAR,VILLA CAROLINA,3,2,3,Apartamento,Alto,Actividad Residencial,Bajo,108.0,503.0,130.7,378.8,154.0,13.0,98.8,900,3.0,17476
RIOMAR,VILLA CAROLINA,3,1,3,Apartamento,Medio,Actividad Residencial,Bajo,34.0,335.0,519.7,796.3,627.0,83.2,98.8,495,2.7,89.0
RIOMAR,VILLA CAROLINA,3,1,2,Apartamento,Medio,Actividad Residencial,Bajo,16.0,267.0,72.8,261.9,341.0,34.4,98.8,300,2.5,72.0
RIOMAR,VILLA CAROLINA,3,1,2,Apartamento,Medio,Actividad Residencial,Bajo,58.0,406.0,12.1,229.3,192.0,4.7,98.8,315,2.5,90.0
RIOMAR,VILLA CAROLINA,2,1,2,Apartamento,Medio,Actividad Residencial,Bajo,41.0,341.0,534.6,807.1,619.0,89.8,98.8,380,2.6,67.0
RIOMAR,VILLA CAROLINA,3,1,2,Apartamento,Medio,Actividad Residencial,Bajo,19.0,137.0,331.0,461.4,594.0,7.8,98.8,285,2.5,72.0
RIOMAR,VILLA CAROLINA,3,0,2,Apartamento,Medio,Actividad Residencial,Bajo,126.0,248.0,231.8,395.3,540.0,24.4,98.8,340,2.5,78.0
RIOMAR,VILLA CAROLINA,4,1,3,Casa,Medio,Actividad Residencial,Bajo,93.0,432.0,170.4,106.4,190.0,15.1,98.8,480,2.7,136.0
RIOMAR,VILLA CAROLINA,3,2,2,Casa,Alto,Actividad Residencial,Bajo,119.0,412.0,102.9,283.9,391.0,9.9,98.8,570,2.8,112.0
RIOMAR,VILLA CAROLINA,4,2,2,Casa,Medio,Actividad Residencial,Bajo,32.0,290.0,221.7,288.4,433.0,28.0,98.8,450,2.7,160.0
RIOMAR,VILLA CAROLINA,3,2,2,Casa,Medio,Actividad Residencial,Bajo,150.0,509.0,59.5,534.7,603.0,4.4,98.8,730,2.9,132.0
RIOMAR,VILLA CAROLINA,5,2,5,Casa,Medio,Actividad Residencial,Bajo,168.0,421.0,91.8,412.5,503.0,23.5,98.8,520,2.7,113.0
RIOMAR,VILLA CAROLINA,3,1,2,Apartamento,Medio,Actividad Residencial,Bajo,97.0,151.0,428.0,659.8,433.0,25.8,98.8,550,2.7,86.0
RIOMAR,VILLA CAROLINA,3,1,2,Apartamento,Medio,Actividad Residencial,Bajo,16.0,326.0,595.5,823.1,518.0,75.3,98.8,490,2.7,83.0
RIOMAR,VILLA CAROLINA,3,0,3,Casa,Medio,Area de Reserva y Proteccion,Bajo,99.0,490.0,87.2,242.6,320.0,2.9,98.8,700,2.8,22772
RIOMAR,VILLA CAROLINA,3,1,2,Apartamento,Medio,Actividad Residencial,Bajo,50.0,207.0,102.2,375.2,414.0,19.0,98.8,300,2.5,72.0
RIOMAR,VILLA CAROLINA,3,1,2,Apartamento,Alto,Actividad Comercial,Bajo,101.0,162.0,380.8,852.6,266.0,5.3,98.8,640,2.8,9277
RIOMAR,VILLA CAROLINA,3,1,2,Apartamento,Medio,Actividad Residencial,Bajo,135.0,121.0,349.0,625.9,404.0,24.1,98.8,350,2.5,72.0
RIOMAR,VILLA CAROLINA,3,1,3,Apartamento,Medio,Actividad Residencial,Bajo,129.0,116.0,310.6,585.2,350.0,11.1,98.8,350,2.5,91.0
RIOMAR,VILLA CAROLINA,3,1,2,Casa,Medio,Actividad Residencial,Bajo,154.0,478.0,126.5,290.3,371.0,24.6,98.8,350,2.5,73.0
RIOMAR,RIOMAR,4,1,5,Casa,Alto,Actividad Residencial,Bajo,272.0,312.7,418.0,281.5,182.0,182.0,92.5,2600,3.4,670.0
RIOMAR,RIOMAR,3,2,3,Casa,Alto,Actividad Residencial,Bajo,246.9,393.7,283.0,259.7,169.0,169.0,92.5,2200,3.3,541.0
RIOMAR,RIOMAR,3,1,3,Apartamento,Alto,Actividad Residencial,Bajo,176.2,383.0,225.0,205.6,162.0,162.0,92.5,330,2.5,107.0
RIOMAR,RIOMAR,3,1,3,Apartamento,Alto,Actividad Residencial,Medio,215.7,218.2,531.0,253.2,213.0,213.0,92.5,700,2.8,300.0
RIOMAR,RIOMAR,4,4,5,Casa,Alto,Actividad Residencial,Medio,268.4,317.9,331.0,312.1,248.0,248.0,92.5,3800,3.6,438.0
RIOMAR,RIOMAR,3,2,3,Apartamento,Alto,Actividad Residencial,Medio,330.3,235.9,410.0,292.2,296.0,296.0,92.5,595,2.8,123.0
RIOMAR,RIOMAR,3,2,3,Apartamento,Alto,Actividad Residencial,Alto,283.7,339.8,241.0,314.7,73.0,73.0,92.5,780,2.9,202.0
RIOMAR,RIOMAR,4,2,5,Casa,Alto,Actividad Residencial,Medio,208.2,231.8,494.0,228.0,159.0,159.0,92.5,5000,3.7,492.0
RIOMAR,RIOMAR,5,1,2,Casa,Alto,Actividad Residencial,Medio,148.5,194.4,353.0,145.8,44.0,44.0,92.5,950,3.0,208.0
RIOMAR,RIOMAR,3,2,4,Apartamento,Alto,Actividad Residencial,Bajo,280.8,323.6,353.0,260.6,133.0,133.0,92.5,650,2.8,196.0
RIOMAR,RIOMAR,4,2,5,Casa,Alto,Actividad Residencial,Bajo,291.5,357.4,319.0,291.7,123.0,123.0,92.5,3100,3.5,740.0
RIOMAR,RIOMAR,3,2,5,Apartamento,Alto,Actividad Residencial,Bajo,218.0,257.3,300.0,189.1,98.0,98.0,92.5,1350,3.1,264.0
RIOMAR,RIOMAR,3,2,3,Apartamento,Alto,Actividad Residencial,Bajo,230.2,267.4,282.0,196.0,100.0,100.0,92.5,520,2.7,157.0
RIOMAR,RIOMAR,3,2,4,Apartamento,Alto,Actividad Residencial,Bajo,174.0,406.2,211.0,189.5,139.0,139.0,92.5,700,2.8,104.0
RIOMAR,RIOMAR,5,2,4,Casa,Alto,Actividad Residencial,Medio,272.6,262.9,351.0,287.2,249.0,249.0,92.5,2100,3.3,546.0
RIOMAR,RIOMAR,3,1,2,Apartamento,Alto,Actividad Comercial,Medio,52.0,433.3,61.0,55.4,33.0,33.0,92.5,360,2.6,125.0
RIOMAR,RIOMAR,3,2,2,Apartamento,Alto,Actividad Comercial,Bajo,41.7,431.9,61.0,60.9,24.0,24.0,92.5,340,2.5,150.0
RIOMAR,RIOMAR,4,3,4,Casa,Alto,Actividad Residencial,Medio,58.5,353.9,154.0,156.3,44.0,44.0,92.5,1000,3.0,270.0
RIOMAR,RIOMAR,4,4,5,Casa,Alto,Actividad Residencial,Medio,302.7,254.9,470.0,326.6,254.0,254.0,92.5,2500,3.4,780.0
RIOMAR,RIOMAR,4,3,5,Casa,Alto,Actividad Residencial,Bajo,244.8,415.7,271.0,246.2,145.0,145.0,92.5,4200,3.6,600.0
RIOMAR,RIOMAR,3,1,3,Apartamento,Alto,Actividad Residencial,Bajo,180.6,226.3,358.0,174.6,76.0,76.0,92.5,750,2.9,210.0
RIOMAR,RIOMAR,3,2,4,Apartamento,Alto,Area de Actividad Institucional,Alto,129.1,228.3,219.0,83.3,58.0,58.0,92.5,1830,3.3,200.0
RIOMAR,RIOMAR,3,2,5,Apartamento,Alto,Area de Actividad Institucional,Medio,141.1,219.6,231.0,96.2,67.0,67.0,92.5,1290,3.1,169.0
RIOMAR,RIOMAR,3,1,2,Apartamento,Alto,Actividad Residencial,Medio,215.9,217.0,433.0,298.5,192.0,192.0,92.5,1000,3.0,182.0
RIOMAR,RIOMAR,3,2,3,Apartamento,Alto,Area de Actividad Institucional,Medio,136.5,153.0,291.0,176.3,95.0,95.0,92.5,1194,3.1,131.0
NTE-CTO HIST,EL RECREO,4,1,3,Casa,Medio,Actividad Residencial,Medio,353.5,356.5,123.1,231.0,37.8,0.1,68.7,690,2.8,420.0
NTE-CTO HIST,EL RECREO,4,2,3,Casa,Medio,Actividad Residencial,Medio,14.5,163.4,90.6,345.7,331.7,234.6,68.7,600,2.8,310.0
NTE-CTO HIST,CIUDAD JARDIN,10,3,4,Casa,Alto,Area de Actividad Institucional,Medio,412.3,67.3,33.7,85.7,29.8,25.0,77.5,2900,3.5,700.0
NTE-CTO HIST,EL PRADO,10,2,9,Casa,Alto,SECTOR NORMATIVO 3,Medio,280.3,89.9,90.6,350.2,92.9,30.2,69.3,1600,3.2,616.0
NTE-CTO HIST,CENTRO,4,0,1,Casa,Alto,Actividad Central,Alto,376.7,74.7,14.0,119.6,25.8,3.7,31.5,800,2.9,246.0
NTE-CTO HIST,CENTRO,No especificado,No especificado,No especificado,Casa,Medio,Actividad Central,Alto,45.8,127.6,107.8,127.6,70.4,3.7,31.5,930,3.0,741.0
NTE-CTO HIST,CENTRO,No especificado,0,1,Casa,Medio,Actividad Central,Alto,69.2,65.9,63.7,65.9,0.2,1.2,31.5,320,2.5,272.0
NTE-CTO HIST,CENTRO,1,0,2,Casa,Alto,Actividad Central,Alto,73.6,210.7,92.2,265.9,178.2,63.5,31.5,371,2.6,148.0
NTE-CTO HIST,CENTRO,4,1,2,Casa,Medio,Actividad Central,Alto,344.5,28.2,12.6,179.2,382.4,53.2,31.5,8000,3.9,1455.0
NTE-CTO HIST,CENTRO,7,0,9,Casa,Alto,Actividad Central,Alto,445.5,99.9,60.2,360.1,552.0,1.0,31.5,2500,3.4,736.0
NTE-CTO HIST,CENTRO,No especificado,No especificado,No especificado,Casa,Medio,Actividad Central,Alto,235.5,74.0,45.9,134.5,0.6,44.0,31.5,1500,3.2,650.0
NTE-CTO HIST,CENTRO,3,2,3,Casa,Medio,Actividad Central,Alto,25.6,107.3,70.7,164.9,171.2,1.6,31.5,400,2.6,109.0
NTE-CTO HIST,CENTRO,No especificado,No especificado,No especificado,Casa,Medio,Actividad Central,Alto,410.4,23.8,13.6,289.1,198.8,5.7,31.5,2800,3.4,560.0
NTE-CTO HIST,CENTRO,4,1,1,Casa,Bajo,Actividad Comercial,Alto,135.5,244.6,64.8,266.1,116.2,8.9,31.5,400,2.6,398.0
NTE-CTO HIST,CENTRO,3,0,3,Casa,Medio,Actividad Central,Alto,77.9,215.2,174.9,89.8,56.7,145.9,31.5,645,2.8,168.0
NTE-CTO HIST,CENTRO,12,3,10,Casa,Medio,Actividad Central,Alto,284.5,143.8,3.0,137.6,269.4,0.1,31.5,2200,3.3,760.0
NTE-CTO HIST,CENTRO,6,0,6,Casa,Alto,Actividad Central,Alto,764.9,97.3,60.3,130.1,340.3,56.8,31.5,3000,3.5,636.0
NTE-CTO HIST,CIUDAD JARDIN,3,1,3,Casa,Medio,Actividad Residencial,Medio,83.8,230.7,242.1,94.3,336.6,181.8,77.5,515,2.7,125.0
NTE-CTO HIST,LA CUMBRE,5,3,5,Casa,Alto,Actividad Residencial,Medio,118.6,112.5,366.6,222.6,110.4,105.1,88.6,1200,3.1,516.0
NTE-CTO HIST,CIUDAD JARDIN,4,3,5,Casa,Medio,Actividad Residencial,Medio,366.9,262.0,106.3,223.7,249.5,98.7,77.5,1050,3.0,500.0
NTE-CTO HIST,EL PRADO,6,0,4,Casa,Medio,SECTOR NORMATIVO 3,Medio,159.3,112.4,180.4,93.0,153.5,47.8,69.3,580,2.8,225.0
NTE-CTO HIST,CIUDAD JARDIN,3,1,5,Casa,Medio,Actividad Residencial,Medio,178.3,252.1,263.9,172.5,546.5,132.5,77.5,427,2.6,145.0
NTE-CTO HIST,EL PRADO,4,2,4,Casa,Medio,SECTOR NORMATIVO 2,Medio,216.6,114.5,311.7,96.4,216.6,0.2,69.3,780,2.9,170.0
NTE-CTO HIST,BOSTON,4,1,4,Casa,Medio,Actividad Residencial,Alto,237.4,99.5,46.1,115.1,358.9,7.9,67.2,550,2.7,260.0
NTE-CTO HIST,EL PRADO,5,3,5,Casa,Alto,SECTOR NORMATIVO 4,Medio,472.5,75.0,63.2,88.8,142.6,29.6,69.3,1000,3.0,409.0
NTE-CTO HIST,BUENAVISTA,4,1,5,Casa,Alto,Actividad Residencial,Bajo,157.3,451.4,458.7,286.7,78.0,74.7,86.8,1300,3.1,208.0
NTE-CTO HIST,BUENAVISTA,4,0,5,Casa,Alto,Actividad Residencial,Bajo,87.2,280.5,308.0,456.0,69.9,67.0,86.8,2500,3.4,395.0
NTE-CTO HIST,BUENAVISTA,3,2,4,Casa,Alto,Actividad Residencial,Bajo,202.5,389.4,396.0,196.6,73.6,67.5,86.8,1370,3.1,250.0
NTE-CTO HIST,BUENAVISTA,3,2,4,Casa,Alto,Actividad Residencial,Bajo,404.8,292.3,315.5,151.9,213.6,128.6,86.8,1320,3.1,223.2
NTE-CTO HIST,BUENAVISTA,3,2,3,Casa,Alto,Actividad Residencial,Bajo,193.6,383.6,389.3,189.3,58.3,52.3,86.8,1250,3.1,220.0
NTE-CTO HIST,BUENAVISTA,3,2,3,Casa,Alto,Area de Reserva y Proteccion,Bajo,202.2,359.0,379.9,276.9,201.8,0.8,86.8,950,3.0,169.0
NTE-CTO HIST,BUENAVISTA,3,2,4,Casa,Alto,Actividad Residencial,Bajo,257.4,408.7,419.1,227.8,141.0,135.0,86.8,1450,3.2,300.0
NTE-CTO HIST,BUENAVISTA,4,2,5,Casa,Alto,Actividad Residencial,Bajo,172.1,404.2,409.1,208.9,51.7,45.5,86.8,2600,3.4,263.0
NTE-CTO HIST,BUENAVISTA,3,3,3,Casa,Alto,Actividad Residencial,Bajo,175.1,431.7,437.5,237.5,74.6,69.2,86.8,1180,3.1,325.0
NTE-CTO HIST,BUENAVISTA,3,2,4,Casa,Alto,Actividad Residencial,Bajo,425.1,460.1,429.5,378.3,332.1,26.3,86.8,1450,3.2,212.0
NTE-CTO HIST,BUENAVISTA,3,2,3,Casa,Alto,Actividad Residencial,Bajo,361.0,386.5,356.0,434.3,354.4,1.7,86.8,1250,3.1,250.0
NTE-CTO HIST,BUENAVISTA,3,3,3,Casa,Alto,Actividad Residencial,Bajo,191.7,339.6,304.6,437.1,174.6,171.8,86.8,1800,3.3,437.0
NTE-CTO HIST,BUENAVISTA,4,3,5,Casa,Alto,Actividad Residencial,Bajo,361.8,252.4,277.3,102.5,185.2,57.8,86.8,1360,3.1,223.2
NTE-CTO HIST,BUENAVISTA,4,2,4,Casa,Alto,Actividad Residencial,Bajo,378.5,224.1,248.9,74.3,156.8,51.4,86.8,1400,3.1,235.0
NTE-CTO HIST,BUENAVISTA,5,2,5,Casa,Alto,Actividad Residencial,Bajo,214.2,348.1,303.1,442.1,198.1,154.4,86.8,2300,3.4,396.0
NTE-CTO HIST,BUENAVISTA,4,3,4,Casa,Alto,Espacio Publico,Bajo,402.1,362.1,380.1,239.5,219.5,142.4,86.8,1250,3.1,327.0
NTE-CTO HIST,BUENAVISTA,4,1,3,Casa,Alto,Espacio Publico,Bajo,289.1,422.5,397.8,357.0,230.7,112.2,86.8,650,2.8,180.0
NTE-CTO HIST,BUENAVISTA,3,2,3,Casa,Alto,Espacio Publico,Bajo,441.2,282.0,303.4,157.6,186.9,162.4,86.8,1350,3.1,230.0
NTE-CTO HIST,BUENAVISTA,4,2,5,Casa,Alto,Actividad Residencial,Bajo,139.2,454.7,458.9,258.9,49.2,45.1,86.8,1400,3.1,273.0
NTE-CTO HIST,BUENAVISTA,3,2,4,Casa,Alto,Actividad Residencial,Bajo,257.4,195.5,85.8,274.4,150.7,150.3,86.8,700,2.8,222.0
NTE-CTO HIST,BUENAVISTA,3,2,3,Casa,Alto,Actividad Central,Bajo,154.4,400.2,421.9,306.6,249.7,42.9,86.8,1300,3.1,180.0
NTE-CTO HIST,BUENAVISTA,4,3,5,Casa,Alto,Actividad Residencial,Bajo,156.2,461.0,466.2,266.1,69.8,65.7,86.8,2750,3.4,296.0
NTE-CTO HIST,BUENAVISTA,4,1,5,Casa,Alto,Actividad Residencial,Bajo,109.7,247.8,259.3,496.6,94.0,90.1,86.8,1500,3.2,504.0
NTE-CTO HIST,BUENAVISTA,3,2,4,Casa,Alto,Actividad Residencial,Bajo,300.0,363.4,388.6,213.3,296.8,63.0,86.8,1300,3.1,250.0
NTE-CTO HIST,BUENAVISTA,3,2,4,Casa,Alto,Actividad Residencial,Bajo,255.7,361.6,387.0,214.6,290.1,13.7,86.8,1400,3.1,223.0