Id,AOL,Division,Estrato,Slaboral
1,Insatisfecho,DCPRI,6,Activo
2,Insatisfecho,DCPRI,3,Inactivo
3,Insatisfecho,OTRAS,4,Activo
4,Insatisfecho,INGENIERÍA,1,Inactivo
5,Insatisfecho,NEGOCIOS,4,Activo
6,Insatisfecho,NEGOCIOS,4,Activo
7,Insatisfecho,DCPRI,5,Inactivo
8,Insatisfecho,DCPRI,5,Activo
9,Insatisfecho,DCPRI,4,Activo
10,Insatisfecho,NEGOCIOS,3,Inactivo
11,Insatisfecho,NEGOCIOS,6,Activo
12,Insatisfecho,OTRAS,3,Activo
13,Insatisfecho,NEGOCIOS,2,Activo
14,Insatisfecho,DCPRI,3,Activo
15,Insatisfecho,HUMANIDADES,3,Inactivo
16,Insatisfecho,OTRAS,3,Activo
17,Insatisfecho,HUMANIDADES,3,Activo
18,Insatisfecho,HUMANIDADES,3,Activo
19,Insatisfecho,SALUD,6,Activo
20,Insatisfecho,HUMANIDADES,4,Activo
21,Insatisfecho,SALUD,4,Activo
22,Insatisfecho,SALUD,4,Activo
23,Insatisfecho,INGENIERÍA,4,Activo
24,Insatisfecho,SALUD,3,Activo
25,Insatisfecho,SALUD,4,Activo
26,Insatisfecho,INGENIERÍA,3,Activo
27,Insatisfecho,OTRAS,3,Activo
28,Insatisfecho,NEGOCIOS,3,Inactivo
29,Insatisfecho,INGENIERÍA,1,Inactivo
30,Insatisfecho,OTRAS,3,Activo
31,Insatisfecho,NEGOCIOS,3,Activo
32,Insatisfecho,OTRAS,4,Activo
33,Insatisfecho,INGENIERÍA,5,Activo
34,Insatisfecho,AD,1,Activo
35,Insatisfecho,HUMANIDADES,2,Activo
36,Insatisfecho,OTRAS,5,Activo
37,Insatisfecho,HUMANIDADES,4,Inactivo
38,Insatisfecho,HUMANIDADES,3,Activo
39,Insatisfecho,OTRAS,3,Activo
40,Insatisfecho,INGENIERÍA,4,Inactivo
41,Insatisfecho,INGENIERÍA,1,Activo
42,Insatisfecho,OTRAS,1,Inactivo
43,Insatisfecho,NEGOCIOS,4,Activo
44,Insatisfecho,DCPRI,1,Inactivo
45,Insatisfecho,OTRAS,5,Inactivo
46,Insatisfecho,AD,2,Activo
47,Insatisfecho,AD,4,Activo
48,Insatisfecho,DCPRI,3,Inactivo
49,Insatisfecho,HUMANIDADES,4,Activo
50,Insatisfecho,NEGOCIOS,3,Activo
51,Insatisfecho,HUMANIDADES,4,Inactivo
52,Insatisfecho,HUMANIDADES,5,Activo
53,Insatisfecho,DCPRI,4,Activo
54,Insatisfecho,NEGOCIOS,5,Inactivo
55,Insatisfecho,HUMANIDADES,1,Inactivo
56,Insatisfecho,OTRAS,2,Activo
57,Insatisfecho,DCPRI,3,Inactivo
58,Insatisfecho,OTRAS,3,Activo
59,Insatisfecho,DCPRI,3,Activo
60,Insatisfecho,DCPRI,3,Activo
61,Insatisfecho,DCPRI,3,Activo
62,Insatisfecho,DCPRI,3,Inactivo
63,Insatisfecho,DCPRI,4,Activo
64,Insatisfecho,AD,3,Inactivo
65,Insatisfecho,HUMANIDADES,3,Activo
66,Insatisfecho,INGENIERÍA,1,Activo
67,Insatisfecho,HUMANIDADES,2,Activo
68,Insatisfecho,HUMANIDADES,6,Activo
69,Insatisfecho,INGENIERÍA,3,Inactivo
70,Insatisfecho,HUMANIDADES,1,Activo
71,Insatisfecho,AD,2,Inactivo
72,Insatisfecho,NEGOCIOS,6,Activo
73,Insatisfecho,NEGOCIOS,3,Activo
74,Insatisfecho,NEGOCIOS,3,Inactivo
75,Insatisfecho,AD,4,Activo
76,Insatisfecho,OTRAS,4,Activo
77,Insatisfecho,OTRAS,4,Activo
78,Insatisfecho,AD,2,Inactivo
79,Insatisfecho,AD,4,Inactivo
80,Insatisfecho,AD,1,Activo
81,Insatisfecho,AD,2,Activo
82,Insatisfecho,AD,5,Activo
83,Insatisfecho,INGENIERÍA,3,Activo
84,Insatisfecho,OTRAS,1,Inactivo
85,Insatisfecho,OTRAS,5,Inactivo
86,Insatisfecho,OTRAS,3,Inactivo
87,Insatisfecho,DCPRI,4,Activo
88,Insatisfecho,DCPRI,3,Activo
89,Insatisfecho,INGENIERÍA,3,Activo
90,Insatisfecho,DCPRI,4,Activo
91,Insatisfecho,HUMANIDADES,2,Activo
92,Insatisfecho,HUMANIDADES,4,Activo
93,Insatisfecho,HUMANIDADES,5,Activo
94,Insatisfecho,HUMANIDADES,3,Activo
95,Insatisfecho,INGENIERÍA,4,Inactivo
96,Insatisfecho,INGENIERÍA,2,Activo
97,Insatisfecho,OTRAS,3,Activo
98,Insatisfecho,INGENIERÍA,3,Activo
99,Insatisfecho,HUMANIDADES,4,Inactivo
100,Insatisfecho,INGENIERÍA,2,Activo
101,Insatisfecho,NEGOCIOS,4,Activo
102,Insatisfecho,INGENIERÍA,2,Inactivo
103,Insatisfecho,HUMANIDADES,3,Activo
104,Insatisfecho,NEGOCIOS,5,Activo
105,Insatisfecho,AD,4,Activo
106,Insatisfecho,AD,5,Inactivo
107,Insatisfecho,AD,5,Activo
108,Insatisfecho,OTRAS,4,Inactivo
109,Insatisfecho,OTRAS,4,Inactivo
110,Insatisfecho,OTRAS,5,Activo
111,Insatisfecho,AD,3,Inactivo
112,Muy_satisfecho,INGENIERÍA,4,Activo
113,Muy_satisfecho,NEGOCIOS,3,Activo
114,Muy_satisfecho,OTRAS,2,Activo
115,Muy_satisfecho,SALUD,4,Activo
116,Muy_satisfecho,INGENIERÍA,3,Activo
117,Muy_satisfecho,INGENIERÍA,2,Activo
118,Muy_satisfecho,DCPRI,6,Activo
119,Muy_satisfecho,INGENIERÍA,2,Activo
120,Muy_satisfecho,DCPRI,4,Activo
121,Muy_satisfecho,INGENIERÍA,3,Activo
122,Muy_satisfecho,DCPRI,5,Activo
123,Muy_satisfecho,DCPRI,4,Activo
124,Muy_satisfecho,DCPRI,3,Activo
125,Muy_satisfecho,OTRAS,3,Activo
126,Muy_satisfecho,DCPRI,5,Activo
127,Muy_satisfecho,HUMANIDADES,2,Activo
128,Muy_satisfecho,HUMANIDADES,3,Activo
129,Muy_satisfecho,SALUD,4,Activo
130,Muy_satisfecho,NEGOCIOS,3,Activo
131,Muy_satisfecho,NEGOCIOS,4,Activo
132,Muy_satisfecho,NEGOCIOS,2,Activo
133,Muy_satisfecho,NEGOCIOS,1,Activo
134,Muy_satisfecho,DCPRI,4,Activo
135,Muy_satisfecho,INGENIERÍA,5,Activo
136,Muy_satisfecho,NEGOCIOS,6,Activo
137,Muy_satisfecho,NEGOCIOS,5,Activo
138,Muy_satisfecho,NEGOCIOS,4,Activo
139,Muy_satisfecho,NEGOCIOS,3,Activo
140,Muy_satisfecho,NEGOCIOS,3,Activo
141,Muy_satisfecho,NEGOCIOS,2,Activo
142,Muy_satisfecho,NEGOCIOS,2,Activo
143,Muy_satisfecho,NEGOCIOS,6,Inactivo
144,Muy_satisfecho,NEGOCIOS,4,Activo
145,Muy_satisfecho,NEGOCIOS,3,Activo
146,Muy_satisfecho,AD,4,Activo
147,Muy_satisfecho,AD,5,Activo
148,Muy_satisfecho,NEGOCIOS,5,Activo
149,Muy_satisfecho,NEGOCIOS,3,Activo
150,Muy_satisfecho,DCPRI,4,Activo
151,Muy_satisfecho,DCPRI,4,Activo
152,Muy_satisfecho,NEGOCIOS,4,Activo
153,Muy_satisfecho,NEGOCIOS,6,Activo
154,Muy_satisfecho,DCPRI,4,Activo
155,Muy_satisfecho,NEGOCIOS,4,Activo
156,Muy_satisfecho,NEGOCIOS,6,Activo
157,Muy_satisfecho,NEGOCIOS,3,Activo
158,Muy_satisfecho,DCPRI,5,Activo
159,Muy_satisfecho,NEGOCIOS,2,Activo
160,Muy_satisfecho,NEGOCIOS,4,Activo
161,Muy_satisfecho,NEGOCIOS,4,Activo
162,Muy_satisfecho,INGENIERÍA,4,Activo
163,Muy_satisfecho,INGENIERÍA,1,Inactivo
164,Muy_satisfecho,INGENIERÍA,4,Activo
165,Muy_satisfecho,INGENIERÍA,2,Activo
166,Muy_satisfecho,HUMANIDADES,3,Inactivo
167,Muy_satisfecho,INGENIERÍA,2,Activo
168,Muy_satisfecho,NEGOCIOS,3,Activo
169,Muy_satisfecho,DCPRI,4,Activo
170,Muy_satisfecho,NEGOCIOS,2,Activo
171,Muy_satisfecho,NEGOCIOS,4,Activo
172,Muy_satisfecho,SALUD,5,Activo
173,Muy_satisfecho,OTRAS,1,Activo
174,Muy_satisfecho,NEGOCIOS,6,Activo
175,Muy_satisfecho,OTRAS,1,Activo
176,Muy_satisfecho,DCPRI,3,Activo
177,Muy_satisfecho,NEGOCIOS,4,Activo
178,Muy_satisfecho,DCPRI,5,Activo
179,Muy_satisfecho,OTRAS,1,Activo
180,Muy_satisfecho,INGENIERÍA,2,Activo
181,Muy_satisfecho,NEGOCIOS,1,Activo
182,Muy_satisfecho,AD,2,Activo
183,Muy_satisfecho,HUMANIDADES,5,Inactivo
184,Muy_satisfecho,NEGOCIOS,4,Activo
185,Muy_satisfecho,NEGOCIOS,5,Activo
186,Muy_satisfecho,NEGOCIOS,2,Activo
187,Muy_satisfecho,HUMANIDADES,2,Inactivo
188,Muy_satisfecho,NEGOCIOS,3,Activo
189,Muy_satisfecho,NEGOCIOS,2,Activo
190,Muy_satisfecho,NEGOCIOS,2,Activo
191,Muy_satisfecho,NEGOCIOS,1,Activo
192,Muy_satisfecho,NEGOCIOS,5,Activo
193,Muy_satisfecho,NEGOCIOS,1,Activo
194,Muy_satisfecho,NEGOCIOS,4,Activo
195,Muy_satisfecho,DCPRI,5,Activo
196,Muy_satisfecho,NEGOCIOS,3,Activo
197,Muy_satisfecho,AD,5,Inactivo
198,Muy_satisfecho,AD,4,Inactivo
199,Muy_satisfecho,NEGOCIOS,3,Activo
200,Muy_satisfecho,NEGOCIOS,5,Activo
201,Muy_satisfecho,INGENIERÍA,3,Activo
202,Muy_satisfecho,DCPRI,6,Activo
203,Muy_satisfecho,INGENIERÍA,4,Activo
204,Muy_satisfecho,NEGOCIOS,3,Activo
205,Muy_satisfecho,OTRAS,4,Activo
206,Muy_satisfecho,INGENIERÍA,4,Activo
207,Muy_satisfecho,INGENIERÍA,6,Activo
208,Muy_satisfecho,SALUD,3,Activo
209,Muy_satisfecho,SALUD,2,Activo
210,Muy_satisfecho,SALUD,4,Activo
211,Muy_satisfecho,NEGOCIOS,2,Inactivo
212,Muy_satisfecho,INGENIERÍA,2,Activo
213,Muy_satisfecho,NEGOCIOS,4,Activo
214,Muy_satisfecho,SALUD,3,Activo
215,Muy_satisfecho,SALUD,2,Inactivo
216,Muy_satisfecho,HUMANIDADES,2,Activo
217,Muy_satisfecho,INGENIERÍA,4,Activo
218,Muy_satisfecho,NEGOCIOS,4,Activo
219,Muy_satisfecho,NEGOCIOS,3,Activo
220,Muy_satisfecho,INGENIERÍA,2,Activo
221,Muy_satisfecho,INGENIERÍA,5,Activo
222,Muy_satisfecho,SALUD,4,Activo
223,Muy_satisfecho,SALUD,3,Activo
224,Muy_satisfecho,SALUD,6,Activo
225,Muy_satisfecho,SALUD,3,Inactivo
226,Muy_satisfecho,NEGOCIOS,4,Activo
227,Muy_satisfecho,SALUD,3,Activo
228,Muy_satisfecho,SALUD,3,Activo
229,Muy_satisfecho,NEGOCIOS,4,Activo
230,Muy_satisfecho,NEGOCIOS,6,Activo
231,Muy_satisfecho,SALUD,3,Activo
232,Muy_satisfecho,SALUD,5,Activo
233,Muy_satisfecho,SALUD,3,Activo
234,Muy_satisfecho,SALUD,6,Inactivo
235,Muy_satisfecho,SALUD,3,Activo
236,Muy_satisfecho,SALUD,3,Activo
237,Muy_satisfecho,SALUD,4,Activo
238,Muy_satisfecho,SALUD,4,Activo
239,Muy_satisfecho,SALUD,3,Activo
240,Muy_satisfecho,SALUD,2,Activo
241,Muy_satisfecho,HUMANIDADES,3,Activo
242,Muy_satisfecho,INGENIERÍA,1,Activo
243,Muy_satisfecho,SALUD,2,Activo
244,Muy_satisfecho,SALUD,4,Activo
245,Muy_satisfecho,INGENIERÍA,1,Activo
246,Muy_satisfecho,SALUD,3,Activo
247,Muy_satisfecho,SALUD,3,Activo
248,Muy_satisfecho,SALUD,4,Activo
249,Muy_satisfecho,SALUD,2,Activo
250,Muy_satisfecho,SALUD,4,Activo
251,Muy_satisfecho,NEGOCIOS,6,Activo
252,Muy_satisfecho,OTRAS,2,Activo
253,Muy_satisfecho,DCPRI,6,Activo
254,Muy_satisfecho,SALUD,4,Inactivo
255,Muy_satisfecho,DCPRI,6,Activo
256,Muy_satisfecho,HUMANIDADES,1,Activo
257,Muy_satisfecho,NEGOCIOS,2,Activo
258,Muy_satisfecho,DCPRI,6,Activo
259,Muy_satisfecho,NEGOCIOS,3,Activo
260,Muy_satisfecho,AD,3,Activo
261,Muy_satisfecho,INGENIERÍA,4,Activo
262,Muy_satisfecho,AD,4,Activo
263,Muy_satisfecho,INGENIERÍA,6,Activo
264,Muy_satisfecho,DCPRI,4,Activo
265,Muy_satisfecho,INGENIERÍA,3,Activo
266,Muy_satisfecho,INGENIERÍA,3,Activo
267,Muy_satisfecho,INGENIERÍA,3,Activo
268,Muy_satisfecho,HUMANIDADES,4,Activo
269,Muy_satisfecho,OTRAS,3,Activo
270,Muy_satisfecho,NEGOCIOS,1,Activo
271,Muy_satisfecho,AD,4,Activo
272,Muy_satisfecho,INGENIERÍA,2,Activo
273,Muy_satisfecho,DCPRI,4,Activo
274,Muy_satisfecho,OTRAS,1,Activo
275,Muy_satisfecho,AD,6,Inactivo
276,Muy_satisfecho,DCPRI,5,Activo
277,Muy_satisfecho,DCPRI,4,Activo
278,Muy_satisfecho,AD,1,Activo
279,Muy_satisfecho,OTRAS,2,Activo
280,Muy_satisfecho,INGENIERÍA,4,Activo
281,Muy_satisfecho,DCPRI,3,Activo
282,Muy_satisfecho,DCPRI,3,Activo
283,Muy_satisfecho,DCPRI,3,Activo
284,Muy_satisfecho,DCPRI,5,Inactivo
285,Muy_satisfecho,NEGOCIOS,5,Activo
286,Muy_satisfecho,HUMANIDADES,6,Inactivo
287,Muy_satisfecho,NEGOCIOS,3,Activo
288,Muy_satisfecho,AD,3,Activo
289,Muy_satisfecho,NEGOCIOS,3,Activo
290,Muy_satisfecho,AD,4,Activo
291,Muy_satisfecho,NEGOCIOS,2,Activo
292,Muy_satisfecho,AD,4,Activo
293,Muy_satisfecho,HUMANIDADES,3,Inactivo
294,Muy_satisfecho,AD,6,Activo
295,Muy_satisfecho,AD,4,Activo
296,Muy_satisfecho,DCPRI,4,Activo
297,Muy_satisfecho,HUMANIDADES,4,Activo
298,Muy_satisfecho,NEGOCIOS,2,Activo
299,Muy_satisfecho,HUMANIDADES,5,Activo
300,Muy_satisfecho,NEGOCIOS,3,Activo
301,Muy_satisfecho,NEGOCIOS,5,Activo
302,Muy_satisfecho,NEGOCIOS,2,Activo
303,Muy_satisfecho,DCPRI,5,Activo
304,Muy_satisfecho,DCPRI,3,Activo
305,Muy_satisfecho,NEGOCIOS,1,Activo
306,Muy_satisfecho,DCPRI,6,Activo
307,Muy_satisfecho,DCPRI,4,Activo
308,Muy_satisfecho,INGENIERÍA,6,Activo
309,Muy_satisfecho,NEGOCIOS,3,Activo
310,Muy_satisfecho,NEGOCIOS,4,Activo
311,Muy_satisfecho,NEGOCIOS,4,Activo
312,Muy_satisfecho,INGENIERÍA,1,Inactivo
313,Muy_satisfecho,OTRAS,1,Activo
314,Muy_satisfecho,INGENIERÍA,6,Inactivo
315,Muy_satisfecho,INGENIERÍA,6,Activo
316,Muy_satisfecho,DCPRI,4,Activo
317,Muy_satisfecho,NEGOCIOS,4,Activo
318,Muy_satisfecho,NEGOCIOS,4,Activo
319,Muy_satisfecho,HUMANIDADES,4,Activo
320,Muy_satisfecho,INGENIERÍA,4,Activo
321,Muy_satisfecho,NEGOCIOS,4,Activo
322,Muy_satisfecho,INGENIERÍA,3,Inactivo
323,Muy_satisfecho,NEGOCIOS,4,Activo
324,Muy_satisfecho,NEGOCIOS,4,Activo
325,Muy_satisfecho,NEGOCIOS,3,Activo
326,Muy_satisfecho,SALUD,5,Activo
327,Muy_satisfecho,INGENIERÍA,3,Activo
328,Muy_satisfecho,DCPRI,5,Activo
329,Muy_satisfecho,HUMANIDADES,4,Inactivo
330,Muy_satisfecho,INGENIERÍA,4,Activo
331,Muy_satisfecho,INGENIERÍA,4,Activo
332,Muy_satisfecho,HUMANIDADES,5,Activo
333,Muy_satisfecho,NEGOCIOS,1,Inactivo
334,Muy_satisfecho,NEGOCIOS,3,Activo
335,Muy_satisfecho,SALUD,2,Activo
336,Muy_satisfecho,NEGOCIOS,2,Activo
337,Muy_satisfecho,INGENIERÍA,4,Activo
338,Muy_satisfecho,OTRAS,2,Activo
339,Muy_satisfecho,NEGOCIOS,1,Inactivo
340,Muy_satisfecho,SALUD,3,Inactivo
341,Muy_satisfecho,SALUD,3,Activo
342,Muy_satisfecho,DCPRI,4,Activo
343,Muy_satisfecho,INGENIERÍA,4,Activo
344,Muy_satisfecho,SALUD,3,Inactivo
345,Muy_satisfecho,NEGOCIOS,4,Activo
346,Muy_satisfecho,SALUD,1,Inactivo
347,Muy_satisfecho,SALUD,3,Activo
348,Muy_satisfecho,NEGOCIOS,2,Activo
349,Muy_satisfecho,HUMANIDADES,4,Activo
350,Muy_satisfecho,INGENIERÍA,4,Inactivo
351,Muy_satisfecho,INGENIERÍA,2,Activo
352,Muy_satisfecho,NEGOCIOS,4,Activo
353,Muy_satisfecho,INGENIERÍA,4,Inactivo
354,Muy_satisfecho,INGENIERÍA,4,Inactivo
355,Muy_satisfecho,INGENIERÍA,4,Activo
356,Muy_satisfecho,SALUD,2,Activo
357,Muy_satisfecho,SALUD,2,Activo
358,Muy_satisfecho,SALUD,3,Activo
359,Muy_satisfecho,SALUD,1,Activo
360,Muy_satisfecho,AD,4,Activo
361,Muy_satisfecho,OTRAS,2,Activo
362,Muy_satisfecho,OTRAS,3,Activo
363,Muy_satisfecho,DCPRI,2,Inactivo
364,Muy_satisfecho,AD,3,Activo
365,Muy_satisfecho,INGENIERÍA,1,Activo
366,Muy_satisfecho,HUMANIDADES,4,Activo
367,Muy_satisfecho,SALUD,4,Inactivo
368,Muy_satisfecho,DCPRI,4,Activo
369,Muy_satisfecho,SALUD,3,Activo
370,Muy_satisfecho,HUMANIDADES,3,Inactivo
371,Muy_satisfecho,OTRAS,2,Activo
372,Muy_satisfecho,DCPRI,3,Activo
373,Muy_satisfecho,OTRAS,2,Activo
374,Muy_satisfecho,NEGOCIOS,3,Activo
375,Muy_satisfecho,OTRAS,3,Activo
376,Muy_satisfecho,INGENIERÍA,3,Activo
377,Muy_satisfecho,HUMANIDADES,4,Activo
378,Muy_satisfecho,INGENIERÍA,6,Activo
379,Muy_satisfecho,INGENIERÍA,2,Activo
380,Muy_satisfecho,INGENIERÍA,3,Activo
381,Muy_satisfecho,HUMANIDADES,2,Activo
382,Muy_satisfecho,HUMANIDADES,3,Activo
383,Muy_satisfecho,INGENIERÍA,4,Activo
384,Muy_satisfecho,NEGOCIOS,1,Activo
385,Muy_satisfecho,INGENIERÍA,3,Inactivo
386,Muy_satisfecho,HUMANIDADES,2,Activo
387,Muy_satisfecho,HUMANIDADES,4,Activo
388,Muy_satisfecho,HUMANIDADES,6,Activo
389,Muy_satisfecho,INGENIERÍA,2,Activo
390,Muy_satisfecho,SALUD,3,Activo
391,Muy_satisfecho,SALUD,6,Activo
392,Muy_satisfecho,HUMANIDADES,2,Activo
393,Muy_satisfecho,INGENIERÍA,3,Activo
394,Muy_satisfecho,INGENIERÍA,1,Activo
395,Muy_satisfecho,DCPRI,4,Activo
396,Muy_satisfecho,NEGOCIOS,4,Activo
397,Muy_satisfecho,SALUD,5,Activo
398,Muy_satisfecho,OTRAS,3,Activo
399,Muy_satisfecho,SALUD,4,Activo
400,Muy_satisfecho,SALUD,3,Activo
401,Muy_satisfecho,INGENIERÍA,4,Activo
402,Muy_satisfecho,SALUD,6,Activo
403,Muy_satisfecho,SALUD,1,Activo
404,Muy_satisfecho,SALUD,4,Activo
405,Muy_satisfecho,SALUD,3,Activo
406,Muy_satisfecho,NEGOCIOS,3,Inactivo
407,Muy_satisfecho,OTRAS,3,Activo
408,Muy_satisfecho,SALUD,3,Activo
409,Muy_satisfecho,INGENIERÍA,2,Activo
410,Muy_satisfecho,INGENIERÍA,3,Activo
411,Muy_satisfecho,SALUD,4,Activo
412,Muy_satisfecho,SALUD,1,Activo
413,Muy_satisfecho,SALUD,2,Inactivo
414,Muy_satisfecho,SALUD,2,Inactivo
415,Muy_satisfecho,SALUD,4,Activo
416,Muy_satisfecho,HUMANIDADES,4,Activo
417,Muy_satisfecho,SALUD,5,Activo
418,Muy_satisfecho,NEGOCIOS,4,Activo
419,Muy_satisfecho,SALUD,1,Activo
420,Muy_satisfecho,DCPRI,4,Inactivo
421,Muy_satisfecho,SALUD,3,Activo
422,Muy_satisfecho,SALUD,3,Inactivo
423,Muy_satisfecho,SALUD,2,Activo
424,Muy_satisfecho,HUMANIDADES,3,Inactivo
425,Muy_satisfecho,SALUD,4,Activo
426,Muy_satisfecho,SALUD,4,Activo
427,Muy_satisfecho,SALUD,3,Activo
428,Muy_satisfecho,AD,2,Activo
429,Muy_satisfecho,NEGOCIOS,5,Activo
430,Muy_satisfecho,AD,6,Activo
431,Muy_satisfecho,AD,3,Activo
432,Muy_satisfecho,SALUD,4,Activo
433,Muy_satisfecho,DCPRI,5,Inactivo
434,Muy_satisfecho,INGENIERÍA,1,Activo
435,Muy_satisfecho,NEGOCIOS,6,Activo
436,Muy_satisfecho,NEGOCIOS,5,Activo
437,Muy_satisfecho,NEGOCIOS,4,Activo
438,Muy_satisfecho,NEGOCIOS,2,Activo
439,Muy_satisfecho,NEGOCIOS,4,Activo
440,Muy_satisfecho,NEGOCIOS,5,Activo
441,Muy_satisfecho,AD,2,Activo
442,Muy_satisfecho,NEGOCIOS,2,Activo
443,Muy_satisfecho,DCPRI,6,Activo
444,Muy_satisfecho,INGENIERÍA,3,Activo
445,Muy_satisfecho,NEGOCIOS,3,Activo
446,Muy_satisfecho,AD,1,Activo
447,Muy_satisfecho,SALUD,1,Activo
448,Muy_satisfecho,INGENIERÍA,1,Activo
449,Muy_satisfecho,INGENIERÍA,2,Activo
450,Muy_satisfecho,INGENIERÍA,6,Activo
451,Muy_satisfecho,INGENIERÍA,1,Activo
452,Muy_satisfecho,SALUD,1,Activo
453,Muy_satisfecho,SALUD,3,Activo
454,Muy_satisfecho,OTRAS,4,Activo
455,Muy_satisfecho,NEGOCIOS,2,Activo
456,Muy_satisfecho,OTRAS,3,Activo
457,Muy_satisfecho,AD,5,Activo
458,Muy_satisfecho,AD,6,Inactivo
459,Muy_satisfecho,NEGOCIOS,3,Activo
460,Muy_satisfecho,HUMANIDADES,4,Inactivo
461,Muy_satisfecho,OTRAS,1,Activo
462,Muy_satisfecho,NEGOCIOS,3,Inactivo
463,Muy_satisfecho,INGENIERÍA,1,Inactivo
464,Muy_satisfecho,HUMANIDADES,6,Activo
465,Muy_satisfecho,SALUD,3,Activo
466,Muy_satisfecho,AD,4,Activo
467,Muy_satisfecho,SALUD,3,Activo
468,Muy_satisfecho,NEGOCIOS,2,Activo
469,Muy_satisfecho,NEGOCIOS,4,Activo
470,Muy_satisfecho,NEGOCIOS,2,Activo
471,Muy_satisfecho,NEGOCIOS,2,Activo
472,Muy_satisfecho,INGENIERÍA,2,Activo
473,Muy_satisfecho,SALUD,4,Activo
474,Muy_satisfecho,NEGOCIOS,2,Activo
475,Muy_satisfecho,NEGOCIOS,4,Activo
476,Muy_satisfecho,NEGOCIOS,3,Activo
477,Muy_satisfecho,NEGOCIOS,2,Activo
478,Muy_satisfecho,NEGOCIOS,5,Activo
479,Muy_satisfecho,OTRAS,3,Activo
480,Muy_satisfecho,NEGOCIOS,6,Activo
481,Muy_satisfecho,NEGOCIOS,4,Activo
482,Muy_satisfecho,INGENIERÍA,1,Inactivo
483,Muy_satisfecho,AD,4,Activo
484,Muy_satisfecho,NEGOCIOS,1,Activo
485,Muy_satisfecho,SALUD,4,Activo
486,Muy_satisfecho,NEGOCIOS,3,Activo
487,Muy_satisfecho,AD,3,Activo
488,Muy_satisfecho,NEGOCIOS,3,Activo
489,Muy_satisfecho,HUMANIDADES,3,Activo
490,Muy_satisfecho,NEGOCIOS,4,Inactivo
491,Muy_satisfecho,OTRAS,6,Activo
492,Muy_satisfecho,NEGOCIOS,3,Activo
493,Muy_satisfecho,NEGOCIOS,2,Activo
494,Muy_satisfecho,DCPRI,2,Activo
495,Muy_satisfecho,OTRAS,4,Inactivo
496,Muy_satisfecho,OTRAS,3,Activo
497,Muy_satisfecho,AD,4,Inactivo
498,Muy_satisfecho,INGENIERÍA,3,Activo
499,Muy_satisfecho,HUMANIDADES,3,Activo
500,Muy_satisfecho,HUMANIDADES,3,Activo
501,Muy_satisfecho,HUMANIDADES,3,Activo
502,Muy_satisfecho,DCPRI,6,Activo
503,Muy_satisfecho,SALUD,3,Activo
504,Muy_satisfecho,NEGOCIOS,3,Activo
505,Muy_satisfecho,DCPRI,3,Activo
506,Muy_satisfecho,NEGOCIOS,3,Activo
507,Muy_satisfecho,DCPRI,5,Activo
508,Muy_satisfecho,DCPRI,6,Activo
509,Muy_satisfecho,NEGOCIOS,4,Activo
510,Muy_satisfecho,NEGOCIOS,3,Activo
511,Muy_satisfecho,AD,3,Activo
512,Muy_satisfecho,HUMANIDADES,4,Activo
513,Muy_satisfecho,NEGOCIOS,3,Activo
514,Muy_satisfecho,AD,2,Activo
515,Muy_satisfecho,NEGOCIOS,6,Activo
516,Muy_satisfecho,AD,1,Activo
517,Muy_satisfecho,NEGOCIOS,1,Inactivo
518,Muy_satisfecho,OTRAS,2,Activo
519,Muy_satisfecho,AD,4,Activo
520,Muy_satisfecho,SALUD,2,Activo
521,Muy_satisfecho,NEGOCIOS,4,Activo
522,Muy_satisfecho,SALUD,5,Inactivo
523,Muy_satisfecho,SALUD,1,Activo
524,Muy_satisfecho,NEGOCIOS,2,Activo
525,Muy_satisfecho,SALUD,2,Activo
526,Muy_satisfecho,SALUD,1,Activo
527,Muy_satisfecho,INGENIERÍA,1,Activo
528,Muy_satisfecho,NEGOCIOS,5,Activo
529,Muy_satisfecho,INGENIERÍA,2,Activo
530,Muy_satisfecho,DCPRI,4,Activo
531,Muy_satisfecho,HUMANIDADES,5,Activo
532,Muy_satisfecho,INGENIERÍA,6,Inactivo
533,Muy_satisfecho,OTRAS,6,Activo
534,Muy_satisfecho,DCPRI,2,Activo
535,Muy_satisfecho,INGENIERÍA,6,Activo
536,Muy_satisfecho,NEGOCIOS,2,Activo
537,Muy_satisfecho,AD,5,Activo
538,Muy_satisfecho,SALUD,3,Inactivo
539,Muy_satisfecho,NEGOCIOS,2,Activo
540,Muy_satisfecho,SALUD,5,Activo
541,Muy_satisfecho,HUMANIDADES,2,Inactivo
542,Muy_satisfecho,SALUD,6,Activo
543,Muy_satisfecho,INGENIERÍA,4,Activo
544,Muy_satisfecho,OTRAS,1,Activo
545,Muy_satisfecho,INGENIERÍA,5,Inactivo
546,Muy_satisfecho,SALUD,2,Activo
547,Muy_satisfecho,AD,4,Activo
548,Muy_satisfecho,OTRAS,2,Inactivo
549,Muy_satisfecho,OTRAS,3,Activo
550,Muy_satisfecho,OTRAS,4,Activo
551,Muy_satisfecho,OTRAS,3,Activo
552,Muy_satisfecho,OTRAS,4,Activo
553,Muy_satisfecho,OTRAS,1,Activo
554,Muy_satisfecho,OTRAS,2,Activo
555,Muy_satisfecho,OTRAS,1,Activo
556,Muy_satisfecho,OTRAS,2,Activo
557,Muy_satisfecho,OTRAS,1,Activo
558,Muy_satisfecho,HUMANIDADES,3,Activo
559,Muy_satisfecho,HUMANIDADES,6,Activo
560,Muy_satisfecho,HUMANIDADES,6,Activo
561,Muy_satisfecho,AD,5,Activo
562,Muy_satisfecho,OTRAS,4,Activo
563,Muy_satisfecho,INGENIERÍA,2,Activo
564,Muy_satisfecho,DCPRI,3,Activo
565,Muy_satisfecho,DCPRI,1,Activo
566,Muy_satisfecho,INGENIERÍA,3,Activo
567,Muy_satisfecho,NEGOCIOS,4,Inactivo
568,Muy_satisfecho,OTRAS,1,Activo
569,Muy_satisfecho,SALUD,6,Inactivo
570,Muy_satisfecho,INGENIERÍA,4,Activo
571,Muy_satisfecho,DCPRI,6,Activo
572,Muy_satisfecho,DCPRI,3,Inactivo
573,Muy_satisfecho,DCPRI,4,Activo
574,Muy_satisfecho,INGENIERÍA,3,Activo
575,Muy_satisfecho,AD,5,Activo
576,Muy_satisfecho,DCPRI,4,Activo
577,Muy_satisfecho,NEGOCIOS,4,Activo
578,Muy_satisfecho,DCPRI,2,Activo
579,Muy_satisfecho,SALUD,4,Inactivo
580,Muy_satisfecho,SALUD,2,Inactivo
581,Muy_satisfecho,NEGOCIOS,4,Activo
582,Muy_satisfecho,NEGOCIOS,3,Activo
583,Muy_satisfecho,NEGOCIOS,6,Activo
584,Muy_satisfecho,NEGOCIOS,4,Activo
585,Muy_satisfecho,AD,3,Activo
586,Muy_satisfecho,NEGOCIOS,3,Activo
587,Muy_satisfecho,NEGOCIOS,3,Activo
588,Muy_satisfecho,INGENIERÍA,4,Activo
589,Muy_satisfecho,SALUD,2,Activo
590,Muy_satisfecho,SALUD,2,Activo
591,Muy_satisfecho,INGENIERÍA,4,Inactivo
592,Muy_satisfecho,AD,4,Activo
593,Muy_satisfecho,SALUD,2,Activo
594,Muy_satisfecho,HUMANIDADES,2,Activo
595,Muy_satisfecho,SALUD,1,Inactivo
596,Muy_satisfecho,NEGOCIOS,4,Activo
597,Muy_satisfecho,AD,6,Activo
598,Muy_satisfecho,AD,4,Activo
599,Muy_satisfecho,NEGOCIOS,2,Activo
600,Muy_satisfecho,NEGOCIOS,3,Activo
601,Muy_satisfecho,NEGOCIOS,3,Activo
602,Muy_satisfecho,NEGOCIOS,4,Activo
603,Muy_satisfecho,NEGOCIOS,6,Activo
604,Muy_satisfecho,OTRAS,1,Activo
605,Muy_satisfecho,NEGOCIOS,4,Activo
606,Muy_satisfecho,NEGOCIOS,5,Activo
607,Muy_satisfecho,NEGOCIOS,2,Activo
608,Muy_satisfecho,NEGOCIOS,4,Activo
609,Muy_satisfecho,HUMANIDADES,4,Activo
610,Muy_satisfecho,DCPRI,1,Activo
611,Muy_satisfecho,AD,3,Activo
612,Muy_satisfecho,INGENIERÍA,3,Activo
613,Muy_satisfecho,NEGOCIOS,2,Activo
614,Muy_satisfecho,NEGOCIOS,6,Activo
615,Muy_satisfecho,NEGOCIOS,3,Activo
616,Muy_satisfecho,NEGOCIOS,1,Activo
617,Muy_satisfecho,HUMANIDADES,4,Inactivo
618,Muy_satisfecho,NEGOCIOS,4,Activo
619,Muy_satisfecho,SALUD,2,Activo
620,Muy_satisfecho,NEGOCIOS,4,Activo
621,Muy_satisfecho,NEGOCIOS,5,Activo
622,Muy_satisfecho,NEGOCIOS,4,Activo
623,Muy_satisfecho,NEGOCIOS,3,Activo
624,Muy_satisfecho,NEGOCIOS,5,Activo
625,Muy_satisfecho,SALUD,6,Inactivo
626,Muy_satisfecho,HUMANIDADES,3,Activo
627,Muy_satisfecho,NEGOCIOS,3,Inactivo
628,Muy_satisfecho,NEGOCIOS,3,Activo
629,Muy_satisfecho,HUMANIDADES,4,Activo
630,Muy_satisfecho,NEGOCIOS,3,Activo
631,Muy_satisfecho,INGENIERÍA,2,Activo
632,Muy_satisfecho,HUMANIDADES,3,Activo
633,Muy_satisfecho,OTRAS,2,Activo
634,Muy_satisfecho,INGENIERÍA,4,Activo
635,Muy_satisfecho,NEGOCIOS,4,Activo
636,Muy_satisfecho,NEGOCIOS,4,Inactivo
637,Muy_satisfecho,INGENIERÍA,3,Activo
638,Muy_satisfecho,INGENIERÍA,4,Activo
639,Muy_satisfecho,SALUD,5,Activo
640,Muy_satisfecho,DCPRI,5,Activo
641,Muy_satisfecho,DCPRI,4,Activo
642,Muy_satisfecho,DCPRI,3,Activo
643,Muy_satisfecho,HUMANIDADES,3,Activo
644,Muy_satisfecho,INGENIERÍA,2,Activo
645,Muy_satisfecho,NEGOCIOS,3,Activo
646,Muy_satisfecho,INGENIERÍA,3,Activo
647,Muy_satisfecho,INGENIERÍA,2,Activo
648,Muy_satisfecho,INGENIERÍA,3,Activo
649,Muy_satisfecho,NEGOCIOS,6,Inactivo
650,Muy_satisfecho,INGENIERÍA,3,Activo
651,Muy_satisfecho,INGENIERÍA,4,Activo
652,Muy_satisfecho,INGENIERÍA,3,Activo
653,Muy_satisfecho,DCPRI,6,Activo
654,Muy_satisfecho,SALUD,1,Activo
655,Muy_satisfecho,DCPRI,6,Activo
656,Muy_satisfecho,NEGOCIOS,3,Activo
657,Muy_satisfecho,INGENIERÍA,4,Activo
658,Muy_satisfecho,HUMANIDADES,4,Activo
659,Muy_satisfecho,NEGOCIOS,6,Activo
660,Muy_satisfecho,HUMANIDADES,3,Activo
661,Muy_satisfecho,DCPRI,4,Activo
662,Muy_satisfecho,HUMANIDADES,3,Activo
663,Muy_satisfecho,DCPRI,4,Activo
664,Muy_satisfecho,INGENIERÍA,4,Activo
665,Muy_satisfecho,INGENIERÍA,3,Activo
666,Muy_satisfecho,HUMANIDADES,2,Activo
667,Muy_satisfecho,NEGOCIOS,5,Activo
668,Muy_satisfecho,INGENIERÍA,4,Activo
669,Muy_satisfecho,NEGOCIOS,5,Activo
670,Muy_satisfecho,HUMANIDADES,4,Activo
671,Muy_satisfecho,INGENIERÍA,2,Inactivo
672,Muy_satisfecho,NEGOCIOS,4,Activo
673,Muy_satisfecho,DCPRI,5,Activo
674,Muy_satisfecho,NEGOCIOS,6,Activo
675,Muy_satisfecho,NEGOCIOS,4,Inactivo
676,Muy_satisfecho,INGENIERÍA,2,Activo
677,Muy_satisfecho,INGENIERÍA,4,Activo
678,Muy_satisfecho,DCPRI,4,Activo
679,Muy_satisfecho,NEGOCIOS,5,Activo
680,Muy_satisfecho,NEGOCIOS,6,Activo
681,Muy_satisfecho,NEGOCIOS,3,Inactivo
682,Muy_satisfecho,OTRAS,3,Activo
683,Muy_satisfecho,NEGOCIOS,4,Activo
684,Muy_satisfecho,HUMANIDADES,2,Activo
685,Muy_satisfecho,NEGOCIOS,1,Activo
686,Muy_satisfecho,AD,3,Activo
687,Muy_satisfecho,AD,4,Activo
688,Muy_satisfecho,HUMANIDADES,5,Inactivo
689,Muy_satisfecho,INGENIERÍA,4,Activo
690,Muy_satisfecho,INGENIERÍA,3,Activo
691,Muy_satisfecho,NEGOCIOS,4,Inactivo
692,Muy_satisfecho,SALUD,5,Activo
693,Muy_satisfecho,INGENIERÍA,4,Activo
694,Muy_satisfecho,INGENIERÍA,6,Activo
695,Muy_satisfecho,INGENIERÍA,1,Activo
696,Muy_satisfecho,DCPRI,2,Activo
697,Muy_satisfecho,INGENIERÍA,2,Inactivo
698,Muy_satisfecho,HUMANIDADES,1,Activo
699,Muy_satisfecho,DCPRI,3,Activo
700,Muy_satisfecho,DCPRI,4,Activo
701,Muy_satisfecho,INGENIERÍA,3,Inactivo
702,Muy_satisfecho,DCPRI,4,Activo
703,Muy_satisfecho,DCPRI,2,Activo
704,Muy_satisfecho,DCPRI,3,Activo
705,Muy_satisfecho,DCPRI,2,Activo
706,Muy_satisfecho,DCPRI,3,Activo
707,Muy_satisfecho,HUMANIDADES,4,Activo
708,Muy_satisfecho,INGENIERÍA,3,Activo
709,Muy_satisfecho,INGENIERÍA,2,Activo
710,Muy_satisfecho,DCPRI,4,Inactivo
711,Muy_satisfecho,DCPRI,3,Activo
712,Muy_satisfecho,DCPRI,6,Activo
713,Muy_satisfecho,DCPRI,2,Activo
714,Muy_satisfecho,SALUD,5,Inactivo
715,Muy_satisfecho,DCPRI,3,Activo
716,Muy_satisfecho,DCPRI,3,Inactivo
717,Muy_satisfecho,DCPRI,3,Activo
718,Muy_satisfecho,HUMANIDADES,4,Activo
719,Muy_satisfecho,HUMANIDADES,1,Activo
720,Muy_satisfecho,OTRAS,3,Inactivo
721,Muy_satisfecho,HUMANIDADES,3,Activo
722,Muy_satisfecho,INGENIERÍA,4,Activo
723,Muy_satisfecho,INGENIERÍA,2,Activo
724,Muy_satisfecho,NEGOCIOS,5,Inactivo
725,Muy_satisfecho,INGENIERÍA,3,Activo
726,Muy_satisfecho,INGENIERÍA,4,Activo
727,Muy_satisfecho,OTRAS,3,Activo
728,Muy_satisfecho,HUMANIDADES,3,Inactivo
729,Muy_satisfecho,HUMANIDADES,1,Inactivo
730,Muy_satisfecho,HUMANIDADES,1,Activo
731,Muy_satisfecho,NEGOCIOS,4,Activo
732,Muy_satisfecho,AD,4,Activo
733,Muy_satisfecho,HUMANIDADES,1,Inactivo
734,Muy_satisfecho,SALUD,5,Inactivo
735,Muy_satisfecho,SALUD,5,Activo
736,Muy_satisfecho,HUMANIDADES,3,Activo
737,Muy_satisfecho,HUMANIDADES,4,Activo
738,Muy_satisfecho,SALUD,5,Inactivo
739,Muy_satisfecho,AD,4,Inactivo
740,Muy_satisfecho,AD,3,Activo
741,Muy_satisfecho,NEGOCIOS,4,Activo
742,Muy_satisfecho,OTRAS,3,Activo
743,Muy_satisfecho,OTRAS,4,Activo
744,Muy_satisfecho,NEGOCIOS,5,Activo
745,Muy_satisfecho,NEGOCIOS,4,Activo
746,Muy_satisfecho,SALUD,5,Activo
747,Muy_satisfecho,NEGOCIOS,4,Activo
748,Muy_satisfecho,SALUD,2,Activo
749,Muy_satisfecho,NEGOCIOS,3,Activo
750,Muy_satisfecho,SALUD,4,Activo
751,Muy_satisfecho,NEGOCIOS,4,Activo
752,Muy_satisfecho,NEGOCIOS,6,Activo
753,Muy_satisfecho,SALUD,1,Activo
754,Muy_satisfecho,SALUD,3,Activo
755,Muy_satisfecho,NEGOCIOS,5,Activo
756,Muy_satisfecho,NEGOCIOS,4,Activo
757,Muy_satisfecho,NEGOCIOS,3,Activo
758,Muy_satisfecho,INGENIERÍA,4,Activo
759,Muy_satisfecho,NEGOCIOS,4,Activo
760,Muy_satisfecho,NEGOCIOS,5,Activo
761,Muy_satisfecho,NEGOCIOS,5,Activo
762,Muy_satisfecho,NEGOCIOS,6,Activo
763,Muy_satisfecho,HUMANIDADES,4,Activo
764,Muy_satisfecho,AD,5,Activo
765,Muy_satisfecho,NEGOCIOS,3,Activo
766,Muy_satisfecho,INGENIERÍA,2,Activo
767,Muy_satisfecho,INGENIERÍA,2,Activo
768,Muy_satisfecho,HUMANIDADES,4,Activo
769,Muy_satisfecho,INGENIERÍA,1,Activo
770,Muy_satisfecho,OTRAS,2,Activo
771,Muy_satisfecho,OTRAS,3,Inactivo
772,Muy_satisfecho,AD,2,Activo
773,Muy_satisfecho,AD,3,Inactivo
774,Muy_satisfecho,NEGOCIOS,3,Activo
775,Muy_satisfecho,OTRAS,1,Inactivo
776,Muy_satisfecho,AD,3,Activo
777,Muy_satisfecho,NEGOCIOS,3,Activo
778,Muy_satisfecho,OTRAS,3,Activo
779,Muy_satisfecho,AD,2,Activo
780,Muy_satisfecho,AD,4,Activo
781,Muy_satisfecho,AD,4,Activo
782,Muy_satisfecho,NEGOCIOS,2,Inactivo
783,Muy_satisfecho,AD,1,Inactivo
784,Muy_satisfecho,NEGOCIOS,2,Activo
785,Muy_satisfecho,SALUD,1,Inactivo
786,Muy_satisfecho,AD,6,Activo
787,Muy_satisfecho,INGENIERÍA,3,Activo
788,Muy_satisfecho,DCPRI,3,Activo
789,Muy_satisfecho,NEGOCIOS,5,Activo
790,Muy_satisfecho,AD,6,Activo
791,Muy_satisfecho,SALUD,3,Activo
792,Muy_satisfecho,NEGOCIOS,2,Activo
793,Muy_satisfecho,NEGOCIOS,2,Activo
794,Muy_satisfecho,AD,4,Activo
795,Muy_satisfecho,NEGOCIOS,3,Activo
796,Muy_satisfecho,AD,3,Activo
797,Muy_satisfecho,NEGOCIOS,3,Activo
798,Muy_satisfecho,AD,4,Inactivo
799,Muy_satisfecho,AD,6,Activo
800,Muy_satisfecho,AD,4,Activo
801,Muy_satisfecho,AD,2,Activo
802,Muy_satisfecho,NEGOCIOS,1,Activo
803,Muy_satisfecho,NEGOCIOS,2,Activo
804,Muy_satisfecho,SALUD,4,Inactivo
805,Muy_satisfecho,OTRAS,4,Activo
806,Muy_satisfecho,NEGOCIOS,2,Activo
807,Muy_satisfecho,AD,5,Activo
808,Muy_satisfecho,SALUD,4,Inactivo
809,Muy_satisfecho,HUMANIDADES,6,Activo
810,Muy_satisfecho,AD,4,Activo
811,Muy_satisfecho,AD,4,Activo
812,Muy_satisfecho,INGENIERÍA,3,Activo
813,Muy_satisfecho,NEGOCIOS,4,Activo
814,Muy_satisfecho,DCPRI,4,Inactivo
815,Muy_satisfecho,SALUD,3,Activo
816,Muy_satisfecho,NEGOCIOS,3,Inactivo
817,Muy_satisfecho,AD,6,Activo
818,Muy_satisfecho,AD,4,Activo
819,Muy_satisfecho,AD,2,Activo
820,Muy_satisfecho,NEGOCIOS,2,Activo
821,Muy_satisfecho,NEGOCIOS,3,Activo
822,Muy_satisfecho,NEGOCIOS,2,Activo
823,Muy_satisfecho,OTRAS,4,Activo
824,Muy_satisfecho,SALUD,3,Activo
825,Muy_satisfecho,OTRAS,2,Activo
826,Muy_satisfecho,SALUD,3,Activo
827,Muy_satisfecho,NEGOCIOS,2,Activo
828,Muy_satisfecho,NEGOCIOS,2,Inactivo
829,Muy_satisfecho,INGENIERÍA,3,Activo
830,Muy_satisfecho,NEGOCIOS,1,Inactivo
831,Muy_satisfecho,NEGOCIOS,3,Activo
832,Muy_satisfecho,NEGOCIOS,3,Activo
833,Muy_satisfecho,SALUD,3,Activo
834,Muy_satisfecho,NEGOCIOS,1,Inactivo
835,Muy_satisfecho,SALUD,1,Activo
836,Muy_satisfecho,INGENIERÍA,3,Activo
837,Muy_satisfecho,SALUD,2,Activo
838,Muy_satisfecho,AD,4,Activo
839,Muy_satisfecho,AD,1,Activo
840,Muy_satisfecho,SALUD,4,Activo
841,Muy_satisfecho,SALUD,3,Activo
842,Muy_satisfecho,AD,6,Inactivo
843,Muy_satisfecho,SALUD,1,Activo
844,Muy_satisfecho,SALUD,3,Inactivo
845,Muy_satisfecho,SALUD,1,Activo
846,Muy_satisfecho,SALUD,3,Activo
847,Muy_satisfecho,AD,3,Inactivo
848,Muy_satisfecho,NEGOCIOS,2,Inactivo
849,Muy_satisfecho,NEGOCIOS,6,Inactivo
850,Muy_satisfecho,DCPRI,5,Activo
851,Muy_satisfecho,INGENIERÍA,3,Activo
852,Muy_satisfecho,HUMANIDADES,3,Activo
853,Muy_satisfecho,INGENIERÍA,1,Activo
854,Muy_satisfecho,INGENIERÍA,2,Inactivo
855,Muy_satisfecho,DCPRI,1,Inactivo
856,Muy_satisfecho,HUMANIDADES,4,Activo
857,Muy_satisfecho,INGENIERÍA,2,Activo
858,Muy_satisfecho,DCPRI,6,Activo
859,Muy_satisfecho,OTRAS,4,Activo
860,Muy_satisfecho,INGENIERÍA,3,Activo
861,Muy_satisfecho,DCPRI,3,Activo
862,Muy_satisfecho,SALUD,5,Activo
863,Muy_satisfecho,AD,3,Activo
864,Muy_satisfecho,DCPRI,3,Activo
865,Muy_satisfecho,DCPRI,5,Activo
866,Muy_satisfecho,OTRAS,6,Inactivo
867,Muy_satisfecho,INGENIERÍA,4,Activo
868,Muy_satisfecho,DCPRI,2,Activo
869,Muy_satisfecho,DCPRI,3,Activo
870,Muy_satisfecho,OTRAS,3,Activo
871,Muy_satisfecho,OTRAS,4,Activo
872,Muy_satisfecho,DCPRI,5,Activo
873,Muy_satisfecho,DCPRI,6,Activo
874,Muy_satisfecho,DCPRI,1,Inactivo
875,Muy_satisfecho,DCPRI,3,Activo
876,Muy_satisfecho,DCPRI,4,Activo
877,Muy_satisfecho,DCPRI,5,Activo
878,Muy_satisfecho,DCPRI,3,Activo
879,Muy_satisfecho,DCPRI,3,Activo
880,Muy_satisfecho,DCPRI,2,Activo
881,Muy_satisfecho,INGENIERÍA,2,Activo
882,Muy_satisfecho,INGENIERÍA,2,Activo
883,Muy_satisfecho,OTRAS,2,Inactivo
884,Muy_satisfecho,OTRAS,6,Activo
885,Muy_satisfecho,OTRAS,3,Inactivo
886,Muy_satisfecho,HUMANIDADES,4,Activo
887,Muy_satisfecho,INGENIERÍA,3,Activo
888,Muy_satisfecho,INGENIERÍA,5,Activo
889,Muy_satisfecho,INGENIERÍA,2,Activo
890,Muy_satisfecho,INGENIERÍA,3,Activo
891,Muy_satisfecho,INGENIERÍA,4,Activo
892,Muy_satisfecho,INGENIERÍA,1,Activo
893,Muy_satisfecho,INGENIERÍA,2,Activo
894,Muy_satisfecho,HUMANIDADES,3,Activo
895,Muy_satisfecho,INGENIERÍA,3,Activo
896,Muy_satisfecho,HUMANIDADES,4,Activo
897,Muy_satisfecho,INGENIERÍA,1,Activo
898,Muy_satisfecho,HUMANIDADES,2,Activo
899,Muy_satisfecho,INGENIERÍA,2,Activo
900,Muy_satisfecho,INGENIERÍA,5,Activo
901,Muy_satisfecho,HUMANIDADES,2,Activo
902,Muy_satisfecho,HUMANIDADES,4,Activo
903,Muy_satisfecho,INGENIERÍA,5,Activo
904,Muy_satisfecho,SALUD,6,Inactivo
905,Muy_satisfecho,HUMANIDADES,1,Activo
906,Muy_satisfecho,INGENIERÍA,4,Activo
907,Muy_satisfecho,AD,3,Activo
908,Muy_satisfecho,INGENIERÍA,2,Inactivo
909,Muy_satisfecho,HUMANIDADES,6,Activo
910,Muy_satisfecho,NEGOCIOS,5,Activo
911,Muy_satisfecho,INGENIERÍA,2,Activo
912,Muy_satisfecho,HUMANIDADES,1,Activo
913,Muy_satisfecho,HUMANIDADES,2,Activo
914,Muy_satisfecho,INGENIERÍA,5,Activo
915,Muy_satisfecho,INGENIERÍA,3,Activo
916,Muy_satisfecho,INGENIERÍA,1,Activo
917,Muy_satisfecho,INGENIERÍA,3,Activo
918,Muy_satisfecho,INGENIERÍA,1,Inactivo
919,Muy_satisfecho,DCPRI,2,Activo
920,Muy_satisfecho,HUMANIDADES,4,Activo
921,Muy_satisfecho,INGENIERÍA,1,Activo
922,Muy_satisfecho,HUMANIDADES,4,Activo
923,Muy_satisfecho,HUMANIDADES,4,Activo
924,Muy_satisfecho,INGENIERÍA,3,Activo
925,Muy_satisfecho,INGENIERÍA,2,Activo
926,Muy_satisfecho,INGENIERÍA,2,Activo
927,Muy_satisfecho,HUMANIDADES,4,Activo
928,Muy_satisfecho,HUMANIDADES,4,Inactivo
929,Muy_satisfecho,HUMANIDADES,1,Inactivo
930,Muy_satisfecho,INGENIERÍA,4,Activo
931,Muy_satisfecho,OTRAS,4,Activo
932,Muy_satisfecho,HUMANIDADES,3,Activo
933,Muy_satisfecho,HUMANIDADES,4,Activo
934,Muy_satisfecho,AD,3,Activo
935,Muy_satisfecho,INGENIERÍA,1,Activo
936,Muy_satisfecho,INGENIERÍA,4,Activo
937,Muy_satisfecho,INGENIERÍA,2,Activo
938,Muy_satisfecho,INGENIERÍA,3,Activo
939,Muy_satisfecho,HUMANIDADES,1,Activo
940,Muy_satisfecho,HUMANIDADES,3,Activo
941,Muy_satisfecho,HUMANIDADES,6,Activo
942,Muy_satisfecho,INGENIERÍA,3,Activo
943,Muy_satisfecho,INGENIERÍA,2,Inactivo
944,Muy_satisfecho,INGENIERÍA,3,Activo
945,Muy_satisfecho,INGENIERÍA,6,Activo
946,Muy_satisfecho,INGENIERÍA,6,Activo
947,Muy_satisfecho,HUMANIDADES,6,Activo
948,Muy_satisfecho,INGENIERÍA,4,Activo
949,Muy_satisfecho,HUMANIDADES,4,Activo
950,Muy_satisfecho,DCPRI,4,Inactivo
951,Muy_satisfecho,HUMANIDADES,4,Activo
952,Muy_satisfecho,HUMANIDADES,4,Inactivo
953,Muy_satisfecho,INGENIERÍA,1,Activo
954,Muy_satisfecho,INGENIERÍA,4,Activo
955,Muy_satisfecho,INGENIERÍA,3,Activo
956,Muy_satisfecho,HUMANIDADES,1,Inactivo
957,Muy_satisfecho,INGENIERÍA,4,Inactivo
958,Muy_satisfecho,INGENIERÍA,2,Activo
959,Muy_satisfecho,HUMANIDADES,3,Inactivo
960,Muy_satisfecho,HUMANIDADES,5,Activo
961,Muy_satisfecho,HUMANIDADES,3,Activo
962,Muy_satisfecho,HUMANIDADES,5,Activo
963,Muy_satisfecho,INGENIERÍA,5,Activo
964,Muy_satisfecho,HUMANIDADES,4,Activo
965,Muy_satisfecho,HUMANIDADES,4,Inactivo
966,Muy_satisfecho,HUMANIDADES,3,Inactivo
967,Muy_satisfecho,INGENIERÍA,6,Activo
968,Muy_satisfecho,HUMANIDADES,1,Inactivo
969,Muy_satisfecho,INGENIERÍA,3,Activo
970,Muy_satisfecho,INGENIERÍA,2,Activo
971,Muy_satisfecho,HUMANIDADES,3,Activo
972,Muy_satisfecho,INGENIERÍA,4,Activo
973,Muy_satisfecho,HUMANIDADES,5,Inactivo
974,Muy_satisfecho,INGENIERÍA,3,Activo
975,Muy_satisfecho,INGENIERÍA,5,Activo
976,Muy_satisfecho,INGENIERÍA,6,Activo
977,Muy_satisfecho,INGENIERÍA,4,Activo
978,Muy_satisfecho,INGENIERÍA,1,Activo
979,Muy_satisfecho,INGENIERÍA,3,Activo
980,Muy_satisfecho,INGENIERÍA,2,Activo
981,Muy_satisfecho,INGENIERÍA,5,Activo
982,Muy_satisfecho,INGENIERÍA,3,Inactivo
983,Muy_satisfecho,INGENIERÍA,1,Inactivo
984,Muy_satisfecho,INGENIERÍA,2,Activo
985,Muy_satisfecho,INGENIERÍA,3,Activo
986,Muy_satisfecho,OTRAS,2,Inactivo
987,Muy_satisfecho,INGENIERÍA,3,Activo
988,Muy_satisfecho,INGENIERÍA,4,Activo
989,Muy_satisfecho,INGENIERÍA,3,Activo
990,Muy_satisfecho,SALUD,1,Activo
991,Muy_satisfecho,HUMANIDADES,2,Activo
992,Muy_satisfecho,INGENIERÍA,3,Activo
993,Muy_satisfecho,INGENIERÍA,4,Activo
994,Muy_satisfecho,INGENIERÍA,5,Inactivo
995,Muy_satisfecho,HUMANIDADES,5,Activo
996,Muy_satisfecho,HUMANIDADES,3,Activo
997,Muy_satisfecho,INGENIERÍA,3,Activo
998,Muy_satisfecho,HUMANIDADES,3,Activo
999,Muy_satisfecho,INGENIERÍA,5,Inactivo
1000,Muy_satisfecho,HUMANIDADES,2,Activo
1001,Muy_satisfecho,INGENIERÍA,4,Activo
1002,Muy_satisfecho,INGENIERÍA,4,Activo
1003,Muy_satisfecho,HUMANIDADES,1,Activo
1004,Muy_satisfecho,INGENIERÍA,6,Activo
1005,Muy_satisfecho,INGENIERÍA,4,Inactivo
1006,Muy_satisfecho,INGENIERÍA,2,Activo
1007,Muy_satisfecho,HUMANIDADES,6,Activo
1008,Muy_satisfecho,OTRAS,2,Activo
1009,Muy_satisfecho,INGENIERÍA,4,Activo
1010,Muy_satisfecho,INGENIERÍA,4,Activo
1011,Muy_satisfecho,INGENIERÍA,2,Activo
1012,Muy_satisfecho,SALUD,3,Activo
1013,Muy_satisfecho,INGENIERÍA,6,Activo
1014,Muy_satisfecho,HUMANIDADES,2,Inactivo
1015,Muy_satisfecho,INGENIERÍA,3,Activo
1016,Muy_satisfecho,INGENIERÍA,3,Activo
1017,Muy_satisfecho,INGENIERÍA,6,Activo
1018,Muy_satisfecho,INGENIERÍA,1,Activo
1019,Muy_satisfecho,INGENIERÍA,1,Activo
1020,Muy_satisfecho,INGENIERÍA,6,Activo
1021,Muy_satisfecho,INGENIERÍA,3,Inactivo
1022,Muy_satisfecho,INGENIERÍA,4,Inactivo
1023,Muy_satisfecho,INGENIERÍA,5,Activo
1024,Muy_satisfecho,INGENIERÍA,3,Activo
1025,Muy_satisfecho,INGENIERÍA,5,Activo
1026,Muy_satisfecho,INGENIERÍA,6,Activo
1027,Muy_satisfecho,INGENIERÍA,4,Activo
1028,Muy_satisfecho,INGENIERÍA,4,Activo
1029,Muy_satisfecho,INGENIERÍA,4,Activo
1030,Muy_satisfecho,INGENIERÍA,1,Inactivo
1031,Muy_satisfecho,INGENIERÍA,3,Activo
1032,Muy_satisfecho,NEGOCIOS,4,Activo
1033,Muy_satisfecho,NEGOCIOS,5,Activo
1034,Muy_satisfecho,NEGOCIOS,4,Activo
1035,Muy_satisfecho,NEGOCIOS,3,Inactivo
1036,Muy_satisfecho,NEGOCIOS,4,Activo
1037,Muy_satisfecho,INGENIERÍA,6,Activo
1038,Muy_satisfecho,NEGOCIOS,4,Activo
1039,Muy_satisfecho,NEGOCIOS,1,Activo
1040,Muy_satisfecho,NEGOCIOS,6,Activo
1041,Muy_satisfecho,NEGOCIOS,5,Activo
1042,Muy_satisfecho,NEGOCIOS,6,Activo
1043,Muy_satisfecho,NEGOCIOS,6,Activo
1044,Muy_satisfecho,NEGOCIOS,2,Activo
1045,Muy_satisfecho,NEGOCIOS,3,Activo
1046,Muy_satisfecho,NEGOCIOS,4,Activo
1047,Muy_satisfecho,HUMANIDADES,6,Inactivo
1048,Muy_satisfecho,NEGOCIOS,4,Activo
1049,Muy_satisfecho,SALUD,5,Inactivo
1050,Muy_satisfecho,NEGOCIOS,5,Activo
1051,Muy_satisfecho,NEGOCIOS,4,Activo
1052,Muy_satisfecho,NEGOCIOS,3,Activo
1053,Muy_satisfecho,NEGOCIOS,2,Inactivo
1054,Muy_satisfecho,NEGOCIOS,4,Activo
1055,Muy_satisfecho,NEGOCIOS,3,Activo
1056,Muy_satisfecho,NEGOCIOS,4,Activo
1057,Muy_satisfecho,NEGOCIOS,5,Activo
1058,Muy_satisfecho,NEGOCIOS,4,Activo
1059,Muy_satisfecho,NEGOCIOS,4,Activo
1060,Muy_satisfecho,NEGOCIOS,4,Activo
1061,Muy_satisfecho,NEGOCIOS,3,Activo
1062,Muy_satisfecho,NEGOCIOS,4,Activo
1063,Muy_satisfecho,NEGOCIOS,4,Activo
1064,Muy_satisfecho,NEGOCIOS,5,Activo
1065,Muy_satisfecho,NEGOCIOS,5,Activo
1066,Muy_satisfecho,NEGOCIOS,3,Activo
1067,Muy_satisfecho,NEGOCIOS,1,Activo
1068,Muy_satisfecho,NEGOCIOS,5,Activo
1069,Muy_satisfecho,NEGOCIOS,4,Inactivo
1070,Muy_satisfecho,NEGOCIOS,6,Activo
1071,Muy_satisfecho,NEGOCIOS,5,Activo
1072,Muy_satisfecho,NEGOCIOS,3,Activo
1073,Muy_satisfecho,NEGOCIOS,5,Inactivo
1074,Muy_satisfecho,NEGOCIOS,5,Activo
1075,Muy_satisfecho,NEGOCIOS,4,Activo
1076,Muy_satisfecho,NEGOCIOS,5,Inactivo
1077,Muy_satisfecho,SALUD,1,Activo
1078,Muy_satisfecho,INGENIERÍA,5,Activo
1079,Muy_satisfecho,NEGOCIOS,4,Inactivo
1080,Muy_satisfecho,NEGOCIOS,5,Activo
1081,Muy_satisfecho,INGENIERÍA,3,Activo
1082,Muy_satisfecho,HUMANIDADES,4,Activo
1083,Muy_satisfecho,NEGOCIOS,2,Activo
1084,Muy_satisfecho,HUMANIDADES,2,Activo
1085,Muy_satisfecho,SALUD,6,Activo
1086,Muy_satisfecho,INGENIERÍA,2,Activo
1087,Muy_satisfecho,DCPRI,4,Activo
1088,Muy_satisfecho,DCPRI,2,Activo
1089,Muy_satisfecho,AD,6,Inactivo
1090,Muy_satisfecho,OTRAS,4,Activo
1091,Muy_satisfecho,NEGOCIOS,4,Activo
1092,Muy_satisfecho,HUMANIDADES,1,Activo
1093,Muy_satisfecho,HUMANIDADES,4,Activo
1094,Muy_satisfecho,NEGOCIOS,1,Activo
1095,Muy_satisfecho,INGENIERÍA,4,Activo
1096,Muy_satisfecho,INGENIERÍA,4,Activo
1097,Muy_satisfecho,INGENIERÍA,3,Activo
1098,Muy_satisfecho,INGENIERÍA,2,Inactivo
1099,Muy_satisfecho,INGENIERÍA,1,Activo
1100,Muy_satisfecho,INGENIERÍA,4,Inactivo
1101,Muy_satisfecho,INGENIERÍA,3,Inactivo
1102,Muy_satisfecho,SALUD,6,Activo
1103,Muy_satisfecho,NEGOCIOS,5,Activo
1104,Muy_satisfecho,DCPRI,3,Activo
1105,Muy_satisfecho,SALUD,4,Activo
1106,Muy_satisfecho,AD,5,Activo
1107,Muy_satisfecho,OTRAS,4,Inactivo
1108,Muy_satisfecho,DCPRI,3,Activo
1109,Muy_satisfecho,HUMANIDADES,4,Inactivo
1110,Muy_satisfecho,INGENIERÍA,1,Activo
1111,Muy_satisfecho,HUMANIDADES,4,Inactivo
1112,Muy_satisfecho,HUMANIDADES,6,Activo
1113,Muy_satisfecho,HUMANIDADES,2,Activo
1114,Muy_satisfecho,AD,2,Inactivo
1115,Muy_satisfecho,INGENIERÍA,2,Activo
1116,Muy_satisfecho,INGENIERÍA,6,Inactivo
1117,Satisfecho,NEGOCIOS,6,Activo
1118,Satisfecho,INGENIERÍA,2,Inactivo
1119,Satisfecho,NEGOCIOS,5,Inactivo
1120,Satisfecho,NEGOCIOS,2,Inactivo
1121,Satisfecho,INGENIERÍA,3,Activo
1122,Satisfecho,NEGOCIOS,5,Activo
1123,Satisfecho,DCPRI,4,Activo
1124,Satisfecho,OTRAS,4,Inactivo
1125,Satisfecho,OTRAS,3,Activo
1126,Satisfecho,NEGOCIOS,3,Activo
1127,Satisfecho,DCPRI,4,Activo
1128,Satisfecho,NEGOCIOS,1,Inactivo
1129,Satisfecho,INGENIERÍA,6,Activo
1130,Satisfecho,NEGOCIOS,2,Activo
1131,Satisfecho,NEGOCIOS,1,Inactivo
1132,Satisfecho,NEGOCIOS,2,Activo
1133,Satisfecho,NEGOCIOS,1,Activo
1134,Satisfecho,AD,1,Inactivo
1135,Satisfecho,HUMANIDADES,3,Activo
1136,Satisfecho,NEGOCIOS,4,Activo
1137,Satisfecho,DCPRI,2,Inactivo
1138,Satisfecho,NEGOCIOS,3,Activo
1139,Satisfecho,NEGOCIOS,4,Activo
1140,Satisfecho,NEGOCIOS,4,Activo
1141,Satisfecho,NEGOCIOS,6,Activo
1142,Satisfecho,DCPRI,6,Activo
1143,Satisfecho,OTRAS,1,Activo
1144,Satisfecho,HUMANIDADES,3,Inactivo
1145,Satisfecho,NEGOCIOS,3,Inactivo
1146,Satisfecho,INGENIERÍA,2,Activo
1147,Satisfecho,AD,4,Inactivo
1148,Satisfecho,INGENIERÍA,1,Inactivo
1149,Satisfecho,SALUD,2,Activo
1150,Satisfecho,INGENIERÍA,2,Activo
1151,Satisfecho,DCPRI,4,Inactivo
1152,Satisfecho,NEGOCIOS,4,Inactivo
1153,Satisfecho,NEGOCIOS,3,Activo
1154,Satisfecho,AD,2,Activo
1155,Satisfecho,NEGOCIOS,1,Inactivo
1156,Satisfecho,OTRAS,3,Activo
1157,Satisfecho,HUMANIDADES,3,Inactivo
1158,Satisfecho,NEGOCIOS,2,Activo
1159,Satisfecho,NEGOCIOS,4,Inactivo
1160,Satisfecho,INGENIERÍA,4,Inactivo
1161,Satisfecho,NEGOCIOS,2,Inactivo
1162,Satisfecho,NEGOCIOS,3,Activo
1163,Satisfecho,NEGOCIOS,4,Activo
1164,Satisfecho,NEGOCIOS,3,Activo
1165,Satisfecho,INGENIERÍA,3,Activo
1166,Satisfecho,INGENIERÍA,4,Inactivo
1167,Satisfecho,SALUD,4,Activo
1168,Satisfecho,DCPRI,3,Activo
1169,Satisfecho,INGENIERÍA,3,Activo
1170,Satisfecho,INGENIERÍA,1,Activo
1171,Satisfecho,SALUD,3,Activo
1172,Satisfecho,INGENIERÍA,2,Activo
1173,Satisfecho,DCPRI,3,Activo
1174,Satisfecho,INGENIERÍA,3,Inactivo
1175,Satisfecho,DCPRI,2,Inactivo
1176,Satisfecho,NEGOCIOS,5,Activo
1177,Satisfecho,SALUD,1,Inactivo
1178,Satisfecho,NEGOCIOS,3,Activo
1179,Satisfecho,SALUD,3,Activo
1180,Satisfecho,HUMANIDADES,3,Activo
1181,Satisfecho,HUMANIDADES,5,Activo
1182,Satisfecho,AD,4,Inactivo
1183,Satisfecho,OTRAS,3,Inactivo
1184,Satisfecho,HUMANIDADES,3,Activo
1185,Satisfecho,DCPRI,5,Activo
1186,Satisfecho,DCPRI,3,Activo
1187,Satisfecho,AD,2,Activo
1188,Satisfecho,AD,1,Activo
1189,Satisfecho,INGENIERÍA,3,Activo
1190,Satisfecho,DCPRI,5,Activo
1191,Satisfecho,INGENIERÍA,4,Activo
1192,Satisfecho,NEGOCIOS,2,Activo
1193,Satisfecho,HUMANIDADES,3,Activo
1194,Satisfecho,DCPRI,2,Activo
1195,Satisfecho,NEGOCIOS,2,Activo
1196,Satisfecho,INGENIERÍA,3,Inactivo
1197,Satisfecho,AD,3,Activo
1198,Satisfecho,SALUD,1,Activo
1199,Satisfecho,NEGOCIOS,6,Activo
1200,Satisfecho,SALUD,1,Activo
1201,Satisfecho,NEGOCIOS,1,Activo
1202,Satisfecho,DCPRI,5,Activo
1203,Satisfecho,HUMANIDADES,3,Inactivo
1204,Satisfecho,SALUD,2,Activo
1205,Satisfecho,DCPRI,4,Activo
1206,Satisfecho,OTRAS,4,Inactivo
1207,Satisfecho,SALUD,1,Activo
1208,Satisfecho,NEGOCIOS,3,Activo
1209,Satisfecho,NEGOCIOS,4,Activo
1210,Satisfecho,OTRAS,1,Inactivo
1211,Satisfecho,DCPRI,3,Activo
1212,Satisfecho,OTRAS,3,Inactivo
1213,Satisfecho,OTRAS,4,Activo
1214,Satisfecho,HUMANIDADES,2,Activo
1215,Satisfecho,INGENIERÍA,2,Inactivo
1216,Satisfecho,INGENIERÍA,4,Activo
1217,Satisfecho,INGENIERÍA,4,Activo
1218,Satisfecho,INGENIERÍA,3,Inactivo
1219,Satisfecho,HUMANIDADES,1,Inactivo
1220,Satisfecho,INGENIERÍA,4,Activo
1221,Satisfecho,HUMANIDADES,5,Activo
1222,Satisfecho,NEGOCIOS,1,Activo
1223,Satisfecho,OTRAS,1,Inactivo
1224,Satisfecho,NEGOCIOS,3,Activo
1225,Satisfecho,INGENIERÍA,4,Activo
1226,Satisfecho,OTRAS,6,Activo
1227,Satisfecho,INGENIERÍA,5,Inactivo
1228,Satisfecho,OTRAS,4,Inactivo
1229,Satisfecho,INGENIERÍA,4,Activo
1230,Satisfecho,SALUD,3,Activo
1231,Satisfecho,DCPRI,4,Inactivo
1232,Satisfecho,AD,4,Activo
1233,Satisfecho,OTRAS,4,Activo
1234,Satisfecho,DCPRI,2,Activo
1235,Satisfecho,HUMANIDADES,2,Activo
1236,Satisfecho,DCPRI,3,Activo
1237,Satisfecho,DCPRI,4,Activo
1238,Satisfecho,DCPRI,3,Activo
1239,Satisfecho,INGENIERÍA,3,Activo
1240,Satisfecho,HUMANIDADES,4,Activo
1241,Satisfecho,HUMANIDADES,5,Activo
1242,Satisfecho,HUMANIDADES,4,Activo
1243,Satisfecho,OTRAS,3,Activo
1244,Satisfecho,OTRAS,2,Activo
1245,Satisfecho,HUMANIDADES,4,Inactivo
1246,Satisfecho,SALUD,6,Inactivo
1247,Satisfecho,SALUD,3,Activo
1248,Satisfecho,AD,3,Activo
1249,Satisfecho,INGENIERÍA,4,Activo
1250,Satisfecho,AD,1,Activo
1251,Satisfecho,SALUD,3,Inactivo
1252,Satisfecho,HUMANIDADES,4,Inactivo
1253,Satisfecho,SALUD,3,Inactivo
1254,Satisfecho,SALUD,3,Activo
1255,Satisfecho,SALUD,5,Activo
1256,Satisfecho,HUMANIDADES,2,Activo
1257,Satisfecho,INGENIERÍA,2,Activo
1258,Satisfecho,SALUD,2,Activo
1259,Satisfecho,OTRAS,3,Activo
1260,Satisfecho,NEGOCIOS,2,Activo
1261,Satisfecho,INGENIERÍA,1,Activo
1262,Satisfecho,HUMANIDADES,3,Activo
1263,Satisfecho,SALUD,2,Activo
1264,Satisfecho,SALUD,4,Activo
1265,Satisfecho,INGENIERÍA,3,Inactivo
1266,Satisfecho,INGENIERÍA,4,Activo
1267,Satisfecho,OTRAS,3,Inactivo
1268,Satisfecho,SALUD,3,Activo
1269,Satisfecho,SALUD,2,Activo
1270,Satisfecho,SALUD,1,Activo
1271,Satisfecho,NEGOCIOS,3,Activo
1272,Satisfecho,NEGOCIOS,5,Activo
1273,Satisfecho,SALUD,4,Activo
1274,Satisfecho,NEGOCIOS,6,Activo
1275,Satisfecho,AD,6,Activo
1276,Satisfecho,AD,4,Inactivo
1277,Satisfecho,SALUD,3,Activo
1278,Satisfecho,NEGOCIOS,4,Activo
1279,Satisfecho,NEGOCIOS,4,Inactivo
1280,Satisfecho,OTRAS,2,Activo
1281,Satisfecho,AD,5,Activo
1282,Satisfecho,DCPRI,3,Activo
1283,Satisfecho,AD,4,Activo
1284,Satisfecho,NEGOCIOS,1,Activo
1285,Satisfecho,NEGOCIOS,1,Activo
1286,Satisfecho,INGENIERÍA,2,Activo
1287,Satisfecho,AD,2,Activo
1288,Satisfecho,DCPRI,3,Activo
1289,Satisfecho,INGENIERÍA,3,Activo
1290,Satisfecho,INGENIERÍA,3,Activo
1291,Satisfecho,AD,2,Activo
1292,Satisfecho,INGENIERÍA,4,Activo
1293,Satisfecho,INGENIERÍA,6,Activo
1294,Satisfecho,DCPRI,5,Inactivo
1295,Satisfecho,OTRAS,3,Activo
1296,Satisfecho,NEGOCIOS,4,Activo
1297,Satisfecho,INGENIERÍA,3,Inactivo
1298,Satisfecho,NEGOCIOS,4,Inactivo
1299,Satisfecho,OTRAS,3,Activo
1300,Satisfecho,NEGOCIOS,3,Inactivo
1301,Satisfecho,AD,4,Activo
1302,Satisfecho,AD,3,Activo
1303,Satisfecho,NEGOCIOS,4,Inactivo
1304,Satisfecho,AD,2,Inactivo
1305,Satisfecho,NEGOCIOS,2,Activo
1306,Satisfecho,NEGOCIOS,4,Inactivo
1307,Satisfecho,AD,4,Activo
1308,Satisfecho,NEGOCIOS,3,Activo
1309,Satisfecho,AD,3,Activo
1310,Satisfecho,AD,4,Activo
1311,Satisfecho,HUMANIDADES,4,Inactivo
1312,Satisfecho,HUMANIDADES,3,Activo
1313,Satisfecho,HUMANIDADES,4,Activo
1314,Satisfecho,DCPRI,3,Activo
1315,Satisfecho,NEGOCIOS,2,Activo
1316,Satisfecho,INGENIERÍA,1,Inactivo
1317,Satisfecho,HUMANIDADES,4,Activo
1318,Satisfecho,NEGOCIOS,2,Activo
1319,Satisfecho,NEGOCIOS,1,Activo
1320,Satisfecho,HUMANIDADES,3,Activo
1321,Satisfecho,DCPRI,3,Inactivo
1322,Satisfecho,NEGOCIOS,6,Activo
1323,Satisfecho,AD,2,Activo
1324,Satisfecho,AD,2,Activo
1325,Satisfecho,DCPRI,4,Activo
1326,Satisfecho,OTRAS,3,Activo
1327,Satisfecho,AD,4,Activo
1328,Satisfecho,NEGOCIOS,3,Activo
1329,Satisfecho,HUMANIDADES,3,Activo
1330,Satisfecho,INGENIERÍA,1,Activo
1331,Satisfecho,DCPRI,5,Activo
1332,Satisfecho,INGENIERÍA,1,Activo
1333,Satisfecho,DCPRI,4,Activo
1334,Satisfecho,OTRAS,4,Activo
1335,Satisfecho,NEGOCIOS,4,Activo
1336,Satisfecho,DCPRI,5,Activo
1337,Satisfecho,INGENIERÍA,4,Activo
1338,Satisfecho,OTRAS,2,Inactivo
1339,Satisfecho,OTRAS,2,Activo
1340,Satisfecho,OTRAS,1,Inactivo
1341,Satisfecho,HUMANIDADES,3,Activo
1342,Satisfecho,NEGOCIOS,5,Inactivo
1343,Satisfecho,HUMANIDADES,3,Activo
1344,Satisfecho,HUMANIDADES,3,Activo
1345,Satisfecho,NEGOCIOS,4,Activo
1346,Satisfecho,DCPRI,5,Activo
1347,Satisfecho,NEGOCIOS,3,Activo
1348,Satisfecho,INGENIERÍA,3,Activo
1349,Satisfecho,OTRAS,3,Inactivo
1350,Satisfecho,INGENIERÍA,5,Activo
1351,Satisfecho,DCPRI,5,Activo
1352,Satisfecho,INGENIERÍA,5,Inactivo
1353,Satisfecho,HUMANIDADES,2,Activo
1354,Satisfecho,DCPRI,6,Activo
1355,Satisfecho,DCPRI,3,Inactivo
1356,Satisfecho,INGENIERÍA,3,Activo
1357,Satisfecho,HUMANIDADES,3,Activo
1358,Satisfecho,AD,6,Activo
1359,Satisfecho,HUMANIDADES,2,Inactivo
1360,Satisfecho,INGENIERÍA,3,Activo
1361,Satisfecho,NEGOCIOS,1,Activo
1362,Satisfecho,NEGOCIOS,4,Activo
1363,Satisfecho,AD,4,Activo
1364,Satisfecho,AD,5,Activo
1365,Satisfecho,AD,3,Activo
1366,Satisfecho,NEGOCIOS,4,Activo
1367,Satisfecho,NEGOCIOS,3,Activo
1368,Satisfecho,NEGOCIOS,2,Activo
1369,Satisfecho,NEGOCIOS,4,Activo
1370,Satisfecho,NEGOCIOS,2,Activo
1371,Satisfecho,NEGOCIOS,1,Activo
1372,Satisfecho,NEGOCIOS,3,Inactivo
1373,Satisfecho,NEGOCIOS,6,Activo
1374,Satisfecho,NEGOCIOS,4,Activo
1375,Satisfecho,NEGOCIOS,2,Activo
1376,Satisfecho,NEGOCIOS,6,Activo
1377,Satisfecho,NEGOCIOS,5,Activo
1378,Satisfecho,NEGOCIOS,6,Activo
1379,Satisfecho,DCPRI,6,Activo
1380,Satisfecho,NEGOCIOS,4,Activo
1381,Satisfecho,NEGOCIOS,2,Inactivo
1382,Satisfecho,NEGOCIOS,5,Activo
1383,Satisfecho,AD,1,Activo
1384,Satisfecho,NEGOCIOS,1,Inactivo
1385,Satisfecho,NEGOCIOS,3,Activo
1386,Satisfecho,DCPRI,4,Activo
1387,Satisfecho,NEGOCIOS,4,Activo
1388,Satisfecho,HUMANIDADES,2,Activo
1389,Satisfecho,NEGOCIOS,3,Activo
1390,Satisfecho,NEGOCIOS,2,Inactivo
1391,Satisfecho,HUMANIDADES,4,Activo
1392,Satisfecho,HUMANIDADES,3,Activo
1393,Satisfecho,HUMANIDADES,3,Inactivo
1394,Satisfecho,INGENIERÍA,3,Inactivo
1395,Satisfecho,NEGOCIOS,5,Activo
1396,Satisfecho,INGENIERÍA,3,Activo
1397,Satisfecho,HUMANIDADES,5,Activo
1398,Satisfecho,INGENIERÍA,3,Activo
1399,Satisfecho,HUMANIDADES,6,Activo
1400,Satisfecho,NEGOCIOS,2,Activo
1401,Satisfecho,NEGOCIOS,6,Activo
1402,Satisfecho,INGENIERÍA,1,Inactivo
1403,Satisfecho,DCPRI,5,Activo
1404,Satisfecho,INGENIERÍA,3,Activo
1405,Satisfecho,NEGOCIOS,2,Inactivo
1406,Satisfecho,HUMANIDADES,4,Activo
1407,Satisfecho,DCPRI,2,Activo
1408,Satisfecho,OTRAS,1,Inactivo
1409,Satisfecho,OTRAS,5,Activo
1410,Satisfecho,AD,4,Activo
1411,Satisfecho,DCPRI,5,Activo
1412,Satisfecho,INGENIERÍA,3,Activo
1413,Satisfecho,INGENIERÍA,2,Inactivo
1414,Satisfecho,INGENIERÍA,2,Activo
1415,Satisfecho,INGENIERÍA,2,Activo
1416,Satisfecho,NEGOCIOS,2,Activo
1417,Satisfecho,NEGOCIOS,6,Activo
1418,Satisfecho,INGENIERÍA,5,Activo
1419,Satisfecho,DCPRI,3,Activo
1420,Satisfecho,OTRAS,3,Activo
1421,Satisfecho,INGENIERÍA,3,Activo
1422,Satisfecho,OTRAS,1,Activo
1423,Satisfecho,HUMANIDADES,3,Activo
1424,Satisfecho,OTRAS,1,Activo
1425,Satisfecho,DCPRI,3,Activo
1426,Satisfecho,INGENIERÍA,2,Activo
1427,Satisfecho,SALUD,4,Activo
1428,Satisfecho,NEGOCIOS,2,Activo
1429,Satisfecho,DCPRI,3,Activo
1430,Satisfecho,INGENIERÍA,1,Activo
1431,Satisfecho,NEGOCIOS,1,Activo
1432,Satisfecho,INGENIERÍA,3,Activo
1433,Satisfecho,HUMANIDADES,5,Activo
1434,Satisfecho,HUMANIDADES,3,Activo
1435,Satisfecho,SALUD,3,Activo
1436,Satisfecho,SALUD,5,Activo
1437,Satisfecho,INGENIERÍA,5,Inactivo
1438,Satisfecho,NEGOCIOS,3,Activo
1439,Satisfecho,DCPRI,4,Activo
1440,Satisfecho,HUMANIDADES,3,Inactivo
1441,Satisfecho,DCPRI,3,Activo
1442,Satisfecho,NEGOCIOS,4,Activo
1443,Satisfecho,DCPRI,2,Activo
1444,Satisfecho,DCPRI,3,Activo
1445,Satisfecho,DCPRI,2,Activo
1446,Satisfecho,DCPRI,4,Inactivo
1447,Satisfecho,DCPRI,4,Inactivo
1448,Satisfecho,DCPRI,4,Activo
1449,Satisfecho,DCPRI,3,Activo
1450,Satisfecho,INGENIERÍA,1,Activo
1451,Satisfecho,DCPRI,5,Activo
1452,Satisfecho,INGENIERÍA,3,Activo
1453,Satisfecho,HUMANIDADES,6,Inactivo
1454,Satisfecho,OTRAS,4,Inactivo
1455,Satisfecho,NEGOCIOS,4,Activo
1456,Satisfecho,HUMANIDADES,3,Inactivo
1457,Satisfecho,AD,2,Activo
1458,Satisfecho,AD,2,Inactivo
1459,Satisfecho,HUMANIDADES,3,Activo
1460,Satisfecho,HUMANIDADES,3,Activo
1461,Satisfecho,INGENIERÍA,3,Inactivo
1462,Satisfecho,SALUD,6,Activo
1463,Satisfecho,NEGOCIOS,2,Activo
1464,Satisfecho,HUMANIDADES,4,Inactivo
1465,Satisfecho,NEGOCIOS,3,Activo
1466,Satisfecho,NEGOCIOS,6,Activo
1467,Satisfecho,NEGOCIOS,3,Inactivo
1468,Satisfecho,NEGOCIOS,3,Activo
1469,Satisfecho,SALUD,1,Activo
1470,Satisfecho,INGENIERÍA,3,Activo
1471,Satisfecho,INGENIERÍA,3,Activo
1472,Satisfecho,SALUD,2,Activo
1473,Satisfecho,NEGOCIOS,4,Activo
1474,Satisfecho,NEGOCIOS,6,Activo
1475,Satisfecho,SALUD,5,Activo
1476,Satisfecho,AD,3,Activo
1477,Satisfecho,NEGOCIOS,3,Activo
1478,Satisfecho,NEGOCIOS,4,Activo
1479,Satisfecho,AD,4,Activo
1480,Satisfecho,AD,1,Inactivo
1481,Satisfecho,AD,3,Activo
1482,Satisfecho,AD,3,Inactivo
1483,Satisfecho,INGENIERÍA,5,Inactivo
1484,Satisfecho,HUMANIDADES,4,Activo
1485,Satisfecho,DCPRI,4,Inactivo
1486,Satisfecho,SALUD,2,Activo
1487,Satisfecho,NEGOCIOS,2,Activo
1488,Satisfecho,HUMANIDADES,3,Activo
1489,Satisfecho,HUMANIDADES,4,Activo
1490,Satisfecho,NEGOCIOS,4,Activo
1491,Satisfecho,DCPRI,3,Activo
1492,Satisfecho,SALUD,3,Activo
1493,Satisfecho,AD,6,Inactivo
1494,Satisfecho,INGENIERÍA,2,Activo
1495,Satisfecho,INGENIERÍA,4,Activo
1496,Satisfecho,AD,5,Activo
1497,Satisfecho,INGENIERÍA,3,Activo
1498,Satisfecho,NEGOCIOS,6,Activo
1499,Satisfecho,INGENIERÍA,4,Activo
1500,Satisfecho,NEGOCIOS,2,Activo
1501,Satisfecho,NEGOCIOS,4,Activo
1502,Satisfecho,AD,5,Activo
1503,Satisfecho,AD,1,Activo
1504,Satisfecho,OTRAS,5,Inactivo
1505,Satisfecho,NEGOCIOS,3,Inactivo
1506,Satisfecho,OTRAS,3,Activo
1507,Satisfecho,AD,4,Activo
1508,Satisfecho,AD,5,Activo
1509,Satisfecho,AD,3,Activo
1510,Satisfecho,AD,5,Activo
1511,Satisfecho,SALUD,3,Activo
1512,Satisfecho,HUMANIDADES,4,Inactivo
1513,Satisfecho,AD,4,Activo
1514,Satisfecho,NEGOCIOS,4,Inactivo
1515,Satisfecho,SALUD,2,Activo
1516,Satisfecho,AD,3,Activo
1517,Satisfecho,AD,4,Activo
1518,Satisfecho,NEGOCIOS,3,Activo
1519,Satisfecho,NEGOCIOS,3,Activo
1520,Satisfecho,NEGOCIOS,2,Inactivo
1521,Satisfecho,AD,2,Activo
1522,Satisfecho,AD,4,Activo
1523,Satisfecho,OTRAS,3,Activo
1524,Satisfecho,DCPRI,3,Activo
1525,Satisfecho,INGENIERÍA,2,Activo
1526,Satisfecho,HUMANIDADES,4,Activo
1527,Satisfecho,OTRAS,4,Activo
1528,Satisfecho,HUMANIDADES,2,Activo
1529,Satisfecho,HUMANIDADES,2,Inactivo
1530,Satisfecho,OTRAS,4,Activo
1531,Satisfecho,HUMANIDADES,3,Inactivo
1532,Satisfecho,DCPRI,6,Inactivo
1533,Satisfecho,DCPRI,2,Activo
1534,Satisfecho,DCPRI,3,Activo
1535,Satisfecho,DCPRI,2,Activo
1536,Satisfecho,OTRAS,4,Inactivo
1537,Satisfecho,DCPRI,3,Activo
1538,Satisfecho,DCPRI,6,Activo
1539,Satisfecho,DCPRI,1,Activo
1540,Satisfecho,DCPRI,3,Activo
1541,Satisfecho,DCPRI,2,Inactivo
1542,Satisfecho,DCPRI,6,Activo
1543,Satisfecho,DCPRI,5,Activo
1544,Satisfecho,OTRAS,3,Activo
1545,Satisfecho,OTRAS,2,Activo
1546,Satisfecho,INGENIERÍA,4,Activo
1547,Satisfecho,INGENIERÍA,4,Activo
1548,Satisfecho,INGENIERÍA,4,Activo
1549,Satisfecho,INGENIERÍA,4,Activo
1550,Satisfecho,INGENIERÍA,5,Activo
1551,Satisfecho,INGENIERÍA,3,Activo
1552,Satisfecho,INGENIERÍA,3,Activo
1553,Satisfecho,INGENIERÍA,4,Inactivo
1554,Satisfecho,HUMANIDADES,6,Activo
1555,Satisfecho,INGENIERÍA,3,Activo
1556,Satisfecho,INGENIERÍA,3,Inactivo
1557,Satisfecho,HUMANIDADES,6,Activo
1558,Satisfecho,HUMANIDADES,3,Activo
1559,Satisfecho,INGENIERÍA,3,Inactivo
1560,Satisfecho,INGENIERÍA,1,Activo
1561,Satisfecho,INGENIERÍA,4,Activo
1562,Satisfecho,INGENIERÍA,3,Activo
1563,Satisfecho,INGENIERÍA,1,Activo
1564,Satisfecho,NEGOCIOS,3,Activo
1565,Satisfecho,SALUD,2,Activo
1566,Satisfecho,INGENIERÍA,4,Activo
1567,Satisfecho,INGENIERÍA,4,Activo
1568,Satisfecho,INGENIERÍA,1,Activo
1569,Satisfecho,INGENIERÍA,2,Activo
1570,Satisfecho,HUMANIDADES,3,Activo
1571,Satisfecho,HUMANIDADES,3,Inactivo
1572,Satisfecho,HUMANIDADES,1,Activo
1573,Satisfecho,HUMANIDADES,3,Activo
1574,Satisfecho,HUMANIDADES,2,Activo
1575,Satisfecho,INGENIERÍA,3,Activo
1576,Satisfecho,INGENIERÍA,1,Activo
1577,Satisfecho,HUMANIDADES,1,Inactivo
1578,Satisfecho,INGENIERÍA,4,Inactivo
1579,Satisfecho,HUMANIDADES,2,Activo
1580,Satisfecho,HUMANIDADES,4,Activo
1581,Satisfecho,HUMANIDADES,5,Activo
1582,Satisfecho,DCPRI,4,Activo
1583,Satisfecho,HUMANIDADES,4,Activo
1584,Satisfecho,OTRAS,2,Inactivo
1585,Satisfecho,INGENIERÍA,4,Inactivo
1586,Satisfecho,HUMANIDADES,1,Inactivo
1587,Satisfecho,HUMANIDADES,4,Inactivo
1588,Satisfecho,INGENIERÍA,6,Inactivo
1589,Satisfecho,HUMANIDADES,5,Activo
1590,Satisfecho,INGENIERÍA,3,Activo
1591,Satisfecho,HUMANIDADES,3,Activo
1592,Satisfecho,HUMANIDADES,3,Inactivo
1593,Satisfecho,HUMANIDADES,1,Inactivo
1594,Satisfecho,HUMANIDADES,1,Activo
1595,Satisfecho,HUMANIDADES,5,Inactivo
1596,Satisfecho,INGENIERÍA,1,Activo
1597,Satisfecho,HUMANIDADES,5,Activo
1598,Satisfecho,INGENIERÍA,2,Activo
1599,Satisfecho,HUMANIDADES,3,Activo
1600,Satisfecho,HUMANIDADES,4,Activo
1601,Satisfecho,HUMANIDADES,6,Inactivo
1602,Satisfecho,HUMANIDADES,2,Activo
1603,Satisfecho,HUMANIDADES,5,Activo
1604,Satisfecho,INGENIERÍA,3,Activo
1605,Satisfecho,INGENIERÍA,6,Activo
1606,Satisfecho,INGENIERÍA,2,Activo
1607,Satisfecho,INGENIERÍA,2,Activo
1608,Satisfecho,INGENIERÍA,5,Activo
1609,Satisfecho,INGENIERÍA,4,Activo
1610,Satisfecho,INGENIERÍA,3,Activo
1611,Satisfecho,INGENIERÍA,3,Activo
1612,Satisfecho,INGENIERÍA,2,Activo
1613,Satisfecho,INGENIERÍA,3,Activo
1614,Satisfecho,HUMANIDADES,4,Activo
1615,Satisfecho,HUMANIDADES,5,Activo
1616,Satisfecho,INGENIERÍA,2,Activo
1617,Satisfecho,HUMANIDADES,3,Activo
1618,Satisfecho,HUMANIDADES,2,Inactivo
1619,Satisfecho,DCPRI,4,Activo
1620,Satisfecho,DCPRI,3,Activo
1621,Satisfecho,INGENIERÍA,5,Inactivo
1622,Satisfecho,INGENIERÍA,4,Activo
1623,Satisfecho,INGENIERÍA,3,Inactivo
1624,Satisfecho,INGENIERÍA,3,Inactivo
1625,Satisfecho,INGENIERÍA,6,Activo
1626,Satisfecho,HUMANIDADES,2,Activo
1627,Satisfecho,HUMANIDADES,1,Activo
1628,Satisfecho,NEGOCIOS,4,Activo
1629,Satisfecho,HUMANIDADES,3,Inactivo
1630,Satisfecho,HUMANIDADES,5,Activo
1631,Satisfecho,HUMANIDADES,2,Inactivo
1632,Satisfecho,INGENIERÍA,3,Inactivo
1633,Satisfecho,INGENIERÍA,2,Activo
1634,Satisfecho,INGENIERÍA,3,Inactivo
1635,Satisfecho,INGENIERÍA,1,Activo
1636,Satisfecho,INGENIERÍA,4,Activo
1637,Satisfecho,INGENIERÍA,4,Inactivo
1638,Satisfecho,INGENIERÍA,3,Activo
1639,Satisfecho,INGENIERÍA,3,Activo
1640,Satisfecho,INGENIERÍA,2,Activo
1641,Satisfecho,INGENIERÍA,4,Activo
1642,Satisfecho,INGENIERÍA,6,Activo
1643,Satisfecho,INGENIERÍA,5,Activo
1644,Satisfecho,INGENIERÍA,1,Activo
1645,Satisfecho,INGENIERÍA,2,Activo
1646,Satisfecho,INGENIERÍA,3,Inactivo
1647,Satisfecho,INGENIERÍA,1,Activo
1648,Satisfecho,INGENIERÍA,3,Activo
1649,Satisfecho,NEGOCIOS,3,Activo
1650,Satisfecho,INGENIERÍA,3,Activo
1651,Satisfecho,NEGOCIOS,1,Activo
1652,Satisfecho,NEGOCIOS,4,Activo
1653,Satisfecho,NEGOCIOS,4,Activo
1654,Satisfecho,SALUD,6,Inactivo
1655,Satisfecho,NEGOCIOS,3,Inactivo
1656,Satisfecho,NEGOCIOS,4,Activo
1657,Satisfecho,NEGOCIOS,4,Activo
1658,Satisfecho,INGENIERÍA,2,Inactivo
1659,Satisfecho,NEGOCIOS,3,Activo
1660,Satisfecho,HUMANIDADES,2,Inactivo
1661,Satisfecho,DCPRI,2,Activo
1662,Satisfecho,NEGOCIOS,3,Activo
1663,Satisfecho,NEGOCIOS,3,Inactivo
1664,Satisfecho,NEGOCIOS,3,Activo
1665,Satisfecho,OTRAS,3,Activo
1666,Satisfecho,NEGOCIOS,3,Activo
1667,Satisfecho,NEGOCIOS,5,Activo
1668,Satisfecho,NEGOCIOS,3,Activo
1669,Satisfecho,OTRAS,4,Activo
1670,Satisfecho,NEGOCIOS,5,Activo
1671,Satisfecho,NEGOCIOS,4,Activo
1672,Satisfecho,HUMANIDADES,5,Activo
1673,Satisfecho,NEGOCIOS,1,Activo
1674,Satisfecho,NEGOCIOS,6,Inactivo
1675,Satisfecho,INGENIERÍA,1,Inactivo
1676,Satisfecho,SALUD,5,Inactivo
1677,Satisfecho,HUMANIDADES,2,Inactivo
1678,Satisfecho,INGENIERÍA,2,Activo
1679,Satisfecho,INGENIERÍA,4,Inactivo
1680,Satisfecho,HUMANIDADES,6,Activo
1681,Satisfecho,AD,6,Activo
1682,Satisfecho,HUMANIDADES,2,Activo
1683,Satisfecho,DCPRI,3,Activo
1684,Satisfecho,SALUD,5,Activo
1685,Satisfecho,NEGOCIOS,6,Inactivo
1686,Satisfecho,AD,3,Activo
1687,Satisfecho,DCPRI,3,Activo
1688,Satisfecho,OTRAS,3,Activo
1689,Satisfecho,HUMANIDADES,5,Activo
1690,Satisfecho,NEGOCIOS,3,Activo
1691,Satisfecho,INGENIERÍA,3,Inactivo
1692,Satisfecho,INGENIERÍA,3,Inactivo
1693,Satisfecho,INGENIERÍA,2,Inactivo
1694,Satisfecho,HUMANIDADES,1,Inactivo
1695,Satisfecho,OTRAS,5,Activo
1696,Satisfecho,SALUD,3,Activo
1697,Satisfecho,AD,4,Activo
1698,Satisfecho,HUMANIDADES,1,Activo
1699,Satisfecho,OTRAS,2,Activo
1700,Satisfecho,HUMANIDADES,2,Activo
1701,Satisfecho,SALUD,2,Activo
1702,Satisfecho,OTRAS,4,Inactivo
1703,Satisfecho,HUMANIDADES,6,Inactivo
1704,Satisfecho,AD,6,Activo
1705,Satisfecho,HUMANIDADES,6,Activo
1706,Satisfecho,INGENIERÍA,4,Inactivo
1707,Satisfecho,OTRAS,4,Inactivo
1708,Insatisfecho,DCPRI,4,Activo
1709,Insatisfecho,INGENIERÍA,1,Activo
1710,Insatisfecho,OTRAS,2,Activo
1711,Insatisfecho,NEGOCIOS,2,Activo
1712,Insatisfecho,NEGOCIOS,4,Activo
1713,Insatisfecho,DCPRI,2,Activo
1714,Insatisfecho,OTRAS,1,Activo
1715,Insatisfecho,AD,2,Inactivo
1716,Insatisfecho,INGENIERÍA,3,Inactivo
1717,Insatisfecho,NEGOCIOS,4,Activo
1718,Insatisfecho,NEGOCIOS,5,Activo
1719,Insatisfecho,DCPRI,6,Activo
1720,Insatisfecho,DCPRI,4,Inactivo
1721,Insatisfecho,DCPRI,4,Activo
1722,Insatisfecho,DCPRI,5,Activo
1723,Insatisfecho,DCPRI,1,Inactivo
1724,Insatisfecho,INGENIERÍA,6,Inactivo
1725,Insatisfecho,NEGOCIOS,1,Activo
1726,Insatisfecho,HUMANIDADES,1,Inactivo
1727,Insatisfecho,INGENIERÍA,2,Inactivo
1728,Insatisfecho,DCPRI,5,Activo
1729,Insatisfecho,DCPRI,5,Activo
1730,Insatisfecho,SALUD,2,Inactivo
1731,Insatisfecho,NEGOCIOS,1,Inactivo
1732,Insatisfecho,HUMANIDADES,4,Activo
1733,Insatisfecho,SALUD,4,Activo
1734,Insatisfecho,OTRAS,3,Inactivo
1735,Insatisfecho,HUMANIDADES,2,Activo
1736,Insatisfecho,INGENIERÍA,5,Activo
1737,Insatisfecho,INGENIERÍA,4,Activo
1738,Insatisfecho,INGENIERÍA,4,Activo
1739,Insatisfecho,AD,3,Activo
1740,Insatisfecho,DCPRI,2,Activo
1741,Insatisfecho,DCPRI,4,Inactivo
1742,Insatisfecho,INGENIERÍA,3,Activo
1743,Insatisfecho,INGENIERÍA,3,Activo
1744,Insatisfecho,HUMANIDADES,3,Activo
1745,Insatisfecho,HUMANIDADES,5,Activo
1746,Insatisfecho,HUMANIDADES,3,Activo
1747,Insatisfecho,INGENIERÍA,3,Activo
1748,Insatisfecho,SALUD,4,Activo
1749,Insatisfecho,SALUD,1,Activo
1750,Insatisfecho,SALUD,2,Activo
1751,Insatisfecho,HUMANIDADES,3,Activo
1752,Insatisfecho,SALUD,4,Activo
1753,Insatisfecho,SALUD,2,Activo
1754,Insatisfecho,SALUD,3,Activo
1755,Insatisfecho,AD,6,Activo
1756,Insatisfecho,AD,4,Activo
1757,Insatisfecho,AD,2,Activo
1758,Insatisfecho,NEGOCIOS,3,Inactivo
1759,Insatisfecho,INGENIERÍA,4,Activo
1760,Insatisfecho,INGENIERÍA,2,Activo
1761,Insatisfecho,INGENIERÍA,3,Activo
1762,Insatisfecho,OTRAS,1,Activo
1763,Insatisfecho,OTRAS,3,Activo
1764,Insatisfecho,HUMANIDADES,1,Activo
1765,Insatisfecho,OTRAS,3,Activo
1766,Insatisfecho,OTRAS,2,Inactivo
1767,Insatisfecho,NEGOCIOS,5,Activo
1768,Insatisfecho,AD,3,Activo
1769,Insatisfecho,HUMANIDADES,3,Activo
1770,Insatisfecho,AD,3,Inactivo
1771,Insatisfecho,HUMANIDADES,4,Inactivo
1772,Insatisfecho,INGENIERÍA,3,Activo
1773,Insatisfecho,HUMANIDADES,4,Activo
1774,Insatisfecho,HUMANIDADES,6,Activo
1775,Insatisfecho,HUMANIDADES,4,Activo
1776,Insatisfecho,HUMANIDADES,3,Activo
1777,Insatisfecho,NEGOCIOS,4,Inactivo
1778,Insatisfecho,NEGOCIOS,6,Activo
1779,Insatisfecho,AD,2,Activo
1780,Insatisfecho,OTRAS,2,Activo
1781,Insatisfecho,INGENIERÍA,2,Activo
1782,Insatisfecho,OTRAS,4,Inactivo
1783,Insatisfecho,OTRAS,3,Activo
1784,Insatisfecho,OTRAS,2,Activo
1785,Insatisfecho,OTRAS,3,Activo
1786,Insatisfecho,OTRAS,4,Activo
1787,Insatisfecho,OTRAS,2,Activo
1788,Insatisfecho,OTRAS,4,Activo
1789,Insatisfecho,OTRAS,2,Activo
1790,Insatisfecho,AD,2,Activo
1791,Insatisfecho,NEGOCIOS,2,Activo
1792,Insatisfecho,INGENIERÍA,4,Activo
1793,Insatisfecho,OTRAS,2,Activo
1794,Insatisfecho,DCPRI,3,Activo
1795,Insatisfecho,OTRAS,3,Activo
1796,Insatisfecho,SALUD,3,Activo
1797,Insatisfecho,DCPRI,5,Activo
1798,Insatisfecho,OTRAS,4,Activo
1799,Insatisfecho,DCPRI,4,Inactivo
1800,Insatisfecho,AD,5,Activo
1801,Insatisfecho,NEGOCIOS,3,Activo
1802,Insatisfecho,INGENIERÍA,4,Activo
1803,Insatisfecho,DCPRI,6,Activo
1804,Insatisfecho,NEGOCIOS,2,Activo
1805,Insatisfecho,NEGOCIOS,1,Activo
1806,Insatisfecho,INGENIERÍA,3,Activo
1807,Insatisfecho,NEGOCIOS,6,Activo
1808,Insatisfecho,OTRAS,3,Activo
1809,Insatisfecho,DCPRI,1,Inactivo
1810,Insatisfecho,NEGOCIOS,2,Activo
1811,Insatisfecho,OTRAS,2,Activo
1812,Insatisfecho,DCPRI,4,Activo
1813,Insatisfecho,INGENIERÍA,6,Inactivo
1814,Insatisfecho,SALUD,3,Inactivo
1815,Insatisfecho,HUMANIDADES,3,Activo
1816,Insatisfecho,INGENIERÍA,3,Activo
1817,Insatisfecho,AD,3,Inactivo
1818,Insatisfecho,INGENIERÍA,2,Activo
1819,Insatisfecho,AD,3,Activo
1820,Insatisfecho,AD,4,Activo
1821,Insatisfecho,OTRAS,1,Activo
1822,Insatisfecho,DCPRI,4,Activo
1823,Insatisfecho,NEGOCIOS,5,Activo
1824,Insatisfecho,DCPRI,3,Inactivo
1825,Insatisfecho,DCPRI,3,Inactivo
1826,Insatisfecho,DCPRI,4,Inactivo
1827,Insatisfecho,DCPRI,2,Activo
1828,Insatisfecho,DCPRI,4,Activo
1829,Insatisfecho,DCPRI,4,Activo
1830,Insatisfecho,DCPRI,4,Activo
1831,Insatisfecho,DCPRI,2,Activo
1832,Insatisfecho,DCPRI,1,Activo
1833,Insatisfecho,DCPRI,5,Activo
1834,Insatisfecho,DCPRI,4,Activo
1835,Insatisfecho,DCPRI,3,Activo
1836,Insatisfecho,AD,2,Activo
1837,Insatisfecho,HUMANIDADES,3,Activo
1838,Insatisfecho,NEGOCIOS,4,Activo
1839,Insatisfecho,AD,6,Activo
1840,Insatisfecho,NEGOCIOS,5,Inactivo
1841,Insatisfecho,INGENIERÍA,4,Activo
1842,Insatisfecho,NEGOCIOS,5,Activo
1843,Insatisfecho,NEGOCIOS,3,Activo
1844,Insatisfecho,NEGOCIOS,6,Inactivo
1845,Insatisfecho,NEGOCIOS,6,Activo
1846,Insatisfecho,NEGOCIOS,5,Activo
1847,Insatisfecho,AD,3,Activo
1848,Insatisfecho,AD,3,Activo
1849,Insatisfecho,AD,3,Activo
1850,Insatisfecho,OTRAS,5,Activo
1851,Insatisfecho,AD,1,Activo
1852,Insatisfecho,AD,4,Inactivo
1853,Insatisfecho,AD,4,Activo
1854,Insatisfecho,AD,4,Activo
1855,Insatisfecho,INGENIERÍA,4,Activo
1856,Insatisfecho,AD,5,Activo
1857,Insatisfecho,NEGOCIOS,1,Inactivo
1858,Insatisfecho,AD,2,Activo
1859,Insatisfecho,AD,3,Activo
1860,Insatisfecho,AD,5,Activo
1861,Insatisfecho,NEGOCIOS,3,Activo
1862,Insatisfecho,AD,6,Activo
1863,Insatisfecho,HUMANIDADES,3,Activo
1864,Insatisfecho,SALUD,1,Inactivo
1865,Insatisfecho,INGENIERÍA,3,Activo
1866,Insatisfecho,OTRAS,3,Inactivo
1867,Insatisfecho,OTRAS,4,Inactivo
1868,Insatisfecho,INGENIERÍA,4,Activo
1869,Insatisfecho,INGENIERÍA,3,Activo
1870,Insatisfecho,HUMANIDADES,3,Activo
1871,Insatisfecho,DCPRI,3,Activo
1872,Insatisfecho,DCPRI,4,Activo
1873,Insatisfecho,DCPRI,3,Activo
1874,Insatisfecho,DCPRI,6,Activo
1875,Insatisfecho,OTRAS,1,Inactivo
1876,Insatisfecho,OTRAS,1,Inactivo
1877,Insatisfecho,OTRAS,1,Activo
1878,Insatisfecho,INGENIERÍA,6,Inactivo
1879,Insatisfecho,INGENIERÍA,1,Inactivo
1880,Insatisfecho,INGENIERÍA,3,Activo
1881,Insatisfecho,INGENIERÍA,2,Activo
1882,Insatisfecho,INGENIERÍA,2,Inactivo
1883,Insatisfecho,HUMANIDADES,4,Activo
1884,Insatisfecho,HUMANIDADES,4,Inactivo
1885,Insatisfecho,INGENIERÍA,2,Activo
1886,Insatisfecho,HUMANIDADES,2,Inactivo
1887,Insatisfecho,HUMANIDADES,2,Activo
1888,Insatisfecho,HUMANIDADES,3,Activo
1889,Insatisfecho,HUMANIDADES,3,Inactivo
1890,Insatisfecho,INGENIERÍA,1,Inactivo
1891,Insatisfecho,HUMANIDADES,1,Activo
1892,Insatisfecho,HUMANIDADES,2,Activo
1893,Insatisfecho,HUMANIDADES,4,Activo
1894,Insatisfecho,HUMANIDADES,4,Activo
1895,Insatisfecho,INGENIERÍA,5,Activo
1896,Insatisfecho,INGENIERÍA,4,Inactivo
1897,Insatisfecho,HUMANIDADES,3,Activo
1898,Insatisfecho,HUMANIDADES,1,Inactivo
1899,Insatisfecho,HUMANIDADES,3,Activo
1900,Insatisfecho,HUMANIDADES,4,Activo
1901,Insatisfecho,HUMANIDADES,2,Inactivo
1902,Insatisfecho,HUMANIDADES,1,Activo
1903,Insatisfecho,HUMANIDADES,4,Activo
1904,Insatisfecho,HUMANIDADES,5,Inactivo
1905,Insatisfecho,INGENIERÍA,4,Activo
1906,Insatisfecho,INGENIERÍA,5,Activo
1907,Insatisfecho,INGENIERÍA,3,Activo
1908,Insatisfecho,NEGOCIOS,5,Activo
1909,Insatisfecho,NEGOCIOS,5,Activo
1910,Insatisfecho,NEGOCIOS,4,Activo
1911,Insatisfecho,DCPRI,5,Activo
1912,Insatisfecho,NEGOCIOS,6,Activo
1913,Insatisfecho,NEGOCIOS,5,Activo
1914,Insatisfecho,NEGOCIOS,3,Activo
1915,Insatisfecho,NEGOCIOS,6,Activo
1916,Insatisfecho,DCPRI,1,Activo
1917,Insatisfecho,NEGOCIOS,4,Inactivo
1918,Insatisfecho,OTRAS,2,Activo
1919,Insatisfecho,INGENIERÍA,3,Activo
1920,Insatisfecho,AD,4,Activo
1921,Insatisfecho,SALUD,3,Activo
1922,Insatisfecho,HUMANIDADES,4,Activo
1923,Insatisfecho,INGENIERÍA,6,Activo
1924,Insatisfecho,AD,5,Activo
1925,Insatisfecho,OTRAS,2,Activo
